NDex#,Move
63,"Body Slam"
63,"Double-Edge"
63,"Dream Eater"
63,"Mimic"
63,"Nightmare"
63,"Seismic Toss"
63,"Substitute"
63,"Swagger"
63,"Thunder Wave"
359,"Body Slam"
359,"Double-Edge"
359,"Dream Eater"
359,"Icy Wind"
359,"Mimic"
359,"Nightmare"
359,"Substitute"
359,"Swagger"
359,"Thunder Wave"
142,"Double-Edge"
142,"Mimic"
142,"Sky Attack"
142,"Substitute"
142,"Swagger"
306,"Body Slam"
306,"Double-Edge"
306,"Icy Wind"
306,"Mimic"
306,"Seismic Toss"
306,"Substitute"
306,"Swagger"
306,"Thunder Wave"
190,"Body Slam"
190,"Double-Edge"
190,"Dream Eater"
190,"Mimic"
190,"Nightmare"
190,"Seismic Toss"
190,"Substitute"
190,"Swagger"
190,"Thunder Wave"
65,"Body Slam"
65,"Double-Edge"
65,"Dream Eater"
65,"Mimic"
65,"Nightmare"
65,"Seismic Toss"
65,"Substitute"
65,"Swagger"
65,"Thunder Wave"
334,"Body Slam"
334,"Double-Edge"
334,"Dream Eater"
334,"Mimic"
334,"Sky Attack"
334,"Substitute"
334,"Swagger"
181,"Body Slam"
181,"Double-Edge"
181,"Mimic"
181,"Seismic Toss"
181,"Substitute"
181,"Swagger"
181,"Thunder Wave"
347,"Body Slam"
347,"Double-Edge"
347,"Mimic"
347,"Substitute"
347,"Swagger"
24,"Body Slam"
24,"Double-Edge"
24,"Mimic"
24,"Substitute"
24,"Swagger"
59,"Body Slam"
59,"Double-Edge"
59,"Mimic"
59,"Substitute"
59,"Swagger"
168,"Body Slam"
168,"Double-Edge"
168,"Mimic"
168,"Substitute"
168,"Swagger"
348,"Body Slam"
348,"Double-Edge"
348,"Mimic"
348,"Seismic Toss"
348,"Substitute"
348,"Swagger"
304,"Body Slam"
304,"Double-Edge"
304,"Mimic"
304,"Substitute"
304,"Swagger"
144,"Double-Edge"
144,"Icy Wind"
144,"Mimic"
144,"Sky Attack"
144,"Substitute"
144,"Swagger"
184,"Body Slam"
184,"Double-Edge"
184,"Icy Wind"
184,"Mimic"
184,"Substitute"
184,"Swagger"
298,"Body Slam"
298,"Double-Edge"
298,"Icy Wind"
298,"Mimic"
298,"Substitute"
298,"Swagger"
371,"Body Slam"
371,"Double-Edge"
371,"Mimic"
371,"Substitute"
371,"Swagger"
343,"Double-Edge"
343,"Dream Eater"
343,"Mimic"
343,"Selfdestruct"
343,"Substitute"
343,"Swagger"
354,"Body Slam"
354,"Double-Edge"
354,"Dream Eater"
354,"Icy Wind"
354,"Mimic"
354,"Nightmare"
354,"Substitute"
354,"Swagger"
354,"Thunder Wave"
339,"Double-Edge"
339,"Icy Wind"
339,"Mimic"
339,"Substitute"
339,"Swagger"
153,"Body Slam"
153,"Double-Edge"
153,"Mimic"
153,"Substitute"
153,"Swagger"
267,"Double-Edge"
267,"Mimic"
267,"Substitute"
267,"Swagger"
15,"Double-Edge"
15,"Mimic"
15,"Substitute"
15,"Swagger"
182,"Double-Edge"
182,"Mimic"
182,"Substitute"
182,"Swagger"
69,"Double-Edge"
69,"Mimic"
69,"Substitute"
69,"Swagger"
9,"Body Slam"
9,"Double-Edge"
9,"Icy Wind"
9,"Mimic"
9,"Seismic Toss"
9,"Substitute"
9,"Swagger"
257,"Body Slam"
257,"Double-Edge"
257,"Mimic"
257,"Seismic Toss"
257,"Substitute"
257,"Swagger"
242,"Body Slam"
242,"Double-Edge"
242,"Dream Eater"
242,"Icy Wind"
242,"Mimic"
242,"Seismic Toss"
242,"Substitute"
242,"Swagger"
242,"Thunder Wave"
286,"Body Slam"
286,"Double-Edge"
286,"Mimic"
286,"Seismic Toss"
286,"Substitute"
286,"Swagger"
1,"Body Slam"
1,"Double-Edge"
1,"Mimic"
1,"Substitute"
1,"Swagger"
12,"Double-Edge"
12,"Dream Eater"
12,"Mimic"
12,"Nightmare"
12,"Substitute"
12,"Swagger"
331,"Body Slam"
331,"Double-Edge"
331,"Mimic"
331,"Seismic Toss"
331,"Substitute"
331,"Swagger"
332,"Body Slam"
332,"Double-Edge"
332,"Mimic"
332,"Seismic Toss"
332,"Substitute"
332,"Swagger"
323,"Body Slam"
323,"Double-Edge"
323,"Mimic"
323,"Selfdestruct"
323,"Substitute"
323,"Swagger"
318,"Double-Edge"
318,"Icy Wind"
318,"Mimic"
318,"Substitute"
318,"Swagger"
351,"Body Slam"
351,"Double-Edge"
351,"Icy Wind"
351,"Mimic"
351,"Substitute"
351,"Swagger"
351,"Thunder Wave"
251,"Double-Edge"
251,"Dream Eater"
251,"Mimic"
251,"Nightmare"
251,"Substitute"
251,"Swagger"
113,"Body Slam"
113,"Double-Edge"
113,"Dream Eater"
113,"Icy Wind"
113,"Mimic"
113,"Seismic Toss"
113,"Substitute"
113,"Swagger"
113,"Thunder Wave"
6,"Body Slam"
6,"Double-Edge"
6,"Mimic"
6,"Seismic Toss"
6,"Substitute"
6,"Swagger"
4,"Body Slam"
4,"Double-Edge"
4,"Mimic"
4,"Seismic Toss"
4,"Substitute"
4,"Swagger"
5,"Body Slam"
5,"Double-Edge"
5,"Mimic"
5,"Seismic Toss"
5,"Substitute"
5,"Swagger"
152,"Body Slam"
152,"Double-Edge"
152,"Mimic"
152,"Substitute"
152,"Swagger"
358,"Double-Edge"
358,"Dream Eater"
358,"Icy Wind"
358,"Mimic"
358,"Nightmare"
358,"Substitute"
358,"Swagger"
170,"Double-Edge"
170,"Mimic"
170,"Substitute"
170,"Swagger"
170,"Thunder Wave"
366,"Body Slam"
366,"Double-Edge"
366,"Icy Wind"
366,"Mimic"
366,"Substitute"
366,"Swagger"
344,"Double-Edge"
344,"Dream Eater"
344,"Mimic"
344,"Selfdestruct"
344,"Substitute"
344,"Swagger"
36,"Body Slam"
36,"Double-Edge"
36,"Dream Eater"
36,"Mimic"
36,"Nightmare"
36,"Seismic Toss"
36,"Substitute"
36,"Swagger"
36,"Thunder Wave"
35,"Body Slam"
35,"Double-Edge"
35,"Dream Eater"
35,"Mimic"
35,"Nightmare"
35,"Seismic Toss"
35,"Substitute"
35,"Swagger"
35,"Thunder Wave"
173,"Body Slam"
173,"Double-Edge"
173,"Dream Eater"
173,"Icy Wind"
173,"Mimic"
173,"Nightmare"
173,"Seismic Toss"
173,"Substitute"
173,"Swagger"
173,"Thunder Wave"
91,"Double-Edge"
91,"Icy Wind"
91,"Mimic"
91,"Selfdestruct"
91,"Substitute"
91,"Swagger"
256,"Body Slam"
256,"Double-Edge"
256,"Mimic"
256,"Seismic Toss"
256,"Substitute"
256,"Swagger"
341,"Body Slam"
341,"Double-Edge"
341,"Icy Wind"
341,"Mimic"
341,"Substitute"
341,"Swagger"
222,"Body Slam"
222,"Double-Edge"
222,"Mimic"
222,"Selfdestruct"
222,"Substitute"
222,"Swagger"
346,"Body Slam"
346,"Double-Edge"
346,"Mimic"
346,"Substitute"
346,"Swagger"
342,"Body Slam"
342,"Double-Edge"
342,"Icy Wind"
342,"Mimic"
342,"Substitute"
342,"Swagger"
169,"Double-Edge"
169,"Mimic"
169,"Substitute"
169,"Swagger"
159,"Body Slam"
159,"Double-Edge"
159,"Icy Wind"
159,"Mimic"
159,"Seismic Toss"
159,"Substitute"
159,"Swagger"
104,"Body Slam"
104,"Double-Edge"
104,"Icy Wind"
104,"Mimic"
104,"Seismic Toss"
104,"Substitute"
104,"Swagger"
155,"Body Slam"
155,"Double-Edge"
155,"Mimic"
155,"Substitute"
155,"Swagger"
301,"Body Slam"
301,"Double-Edge"
301,"Dream Eater"
301,"Icy Wind"
301,"Mimic"
301,"Substitute"
301,"Swagger"
301,"Thunder Wave"
225,"Body Slam"
225,"Counter"
225,"Double-Edge"
225,"Endure"
225,"Icy Wind"
225,"Mega Kick"
225,"Mega Punch"
225,"Mimic"
225,"Mud-Slap"
225,"Seismic Toss"
225,"Sky Attack"
225,"Sleep Talk"
225,"Snore"
225,"Substitute"
225,"Swagger"
225,"Swift"
386,"Body Slam"
386,"Double-Edge"
386,"Dream Eater"
386,"Icy Wind"
386,"Mimic"
386,"Nightmare"
386,"Seismic Toss"
386,"Substitute"
386,"Swagger"
386,"Thunder Wave"
87,"Body Slam"
87,"Double-Edge"
87,"Icy Wind"
87,"Mimic"
87,"Substitute"
87,"Swagger"
50,"Body Slam"
50,"Double-Edge"
50,"Mimic"
50,"Substitute"
50,"Swagger"
85,"Body Slam"
85,"Double-Edge"
85,"Endure"
85,"Mimic"
85,"Mud-Slap"
85,"Sky Attack"
85,"Sleep Talk"
85,"Snore"
85,"Substitute"
85,"Swagger"
85,"Swift"
84,"Body Slam"
84,"Double-Edge"
84,"Endure"
84,"Mimic"
84,"Mud-Slap"
84,"Sky Attack"
84,"Sleep Talk"
84,"Snore"
84,"Substitute"
84,"Swagger"
84,"Swift"
232,"Body Slam"
232,"Counter"
232,"Defense Curl"
232,"Double-Edge"
232,"Endure"
232,"Mimic"
232,"Mud-Slap"
232,"Rock Slide"
232,"Rollout"
232,"Sleep Talk"
232,"Snore"
232,"Substitute"
232,"Swagger"
148,"Body Slam"
148,"Double-Edge"
148,"Icy Wind"
148,"Mimic"
148,"Substitute"
148,"Swagger"
148,"Thunder Wave"
149,"Body Slam"
149,"Double-Edge"
149,"Icy Wind"
149,"Mimic"
149,"Substitute"
149,"Swagger"
149,"Thunder Wave"
147,"Body Slam"
147,"Double-Edge"
147,"Icy Wind"
147,"Mimic"
147,"Substitute"
147,"Swagger"
147,"Thunder Wave"
96,"Body Slam"
96,"Double-Edge"
96,"Dream Eater"
96,"Mimic"
96,"Nightmare"
96,"Seismic Toss"
96,"Substitute"
96,"Swagger"
96,"Thunder Wave"
51,"Body Slam"
51,"Double-Edge"
51,"Mimic"
51,"Substitute"
51,"Swagger"
206,"Body Slam"
206,"Double-Edge"
206,"Dream Eater"
206,"Mimic"
206,"Nightmare"
206,"Substitute"
206,"Swagger"
206,"Thunder Wave"
356,"Body Slam"
356,"Double-Edge"
356,"Dream Eater"
356,"Icy Wind"
356,"Mimic"
356,"Nightmare"
356,"Seismic Toss"
356,"Substitute"
356,"Swagger"
355,"Body Slam"
355,"Double-Edge"
355,"Dream Eater"
355,"Icy Wind"
355,"Mimic"
355,"Nightmare"
355,"Substitute"
355,"Swagger"
269,"Double-Edge"
269,"Mimic"
269,"Substitute"
269,"Swagger"
133,"Body Slam"
133,"Double-Edge"
133,"Mimic"
133,"Substitute"
133,"Swagger"
23,"Body Slam"
23,"Double-Edge"
23,"Mimic"
23,"Substitute"
23,"Swagger"
125,"Body Slam"
125,"Double-Edge"
125,"Mimic"
125,"Seismic Toss"
125,"Substitute"
125,"Swagger"
125,"Thunder Wave"
309,"Body Slam"
309,"Double-Edge"
309,"Mimic"
309,"Substitute"
309,"Swagger"
309,"Thunder Wave"
101,"Mimic"
101,"Selfdestruct"
101,"Substitute"
101,"Swagger"
101,"Thunder Wave"
239,"Body Slam"
239,"Double-Edge"
239,"Mimic"
239,"Seismic Toss"
239,"Substitute"
239,"Swagger"
239,"Thunder Wave"
244,"Body Slam"
244,"Double-Edge"
244,"Mimic"
244,"Substitute"
244,"Swagger"
196,"Body Slam"
196,"Double-Edge"
196,"Dream Eater"
196,"Mimic"
196,"Nightmare"
196,"Substitute"
196,"Swagger"
102,"Double-Edge"
102,"Dream Eater"
102,"Mimic"
102,"Nightmare"
102,"Selfdestruct"
102,"Substitute"
102,"Swagger"
103,"Double-Edge"
103,"Dream Eater"
103,"Mimic"
103,"Nightmare"
103,"Selfdestruct"
103,"Substitute"
103,"Swagger"
295,"Body Slam"
295,"Double-Edge"
295,"Icy Wind"
295,"Mimic"
295,"Seismic Toss"
295,"Substitute"
295,"Swagger"
83,"Body Slam"
83,"Double-Edge"
83,"Mimic"
83,"Substitute"
83,"Swagger"
22,"Double-Edge"
22,"Mimic"
22,"Sky Attack"
22,"Substitute"
22,"Swagger"
349,"Double-Edge"
349,"Icy Wind"
349,"Mimic"
349,"Substitute"
349,"Swagger"
160,"Body Slam"
160,"Double-Edge"
160,"Icy Wind"
160,"Mimic"
160,"Seismic Toss"
160,"Substitute"
160,"Swagger"
180,"Body Slam"
180,"Double-Edge"
180,"Mimic"
180,"Seismic Toss"
180,"Substitute"
180,"Swagger"
180,"Thunder Wave"
136,"Body Slam"
136,"Double-Edge"
136,"Mimic"
136,"Substitute"
136,"Swagger"
330,"Body Slam"
330,"Double-Edge"
330,"Mimic"
330,"Substitute"
330,"Swagger"
205,"Body Slam"
205,"Double-Edge"
205,"Selfdestruct"
205,"Mimic"
205,"Substitute"
205,"Swagger"
162,"Body Slam"
162,"Double-Edge"
162,"Mimic"
162,"Substitute"
162,"Swagger"
282,"Body Slam"
282,"Double-Edge"
282,"Dream Eater"
282,"Icy Wind"
282,"Mimic"
282,"Nightmare"
282,"Substitute"
282,"Swagger"
282,"Thunder Wave"
92,"Dream Eater"
92,"Mimic"
92,"Nightmare"
92,"Selfdestruct"
92,"Substitute"
92,"Swagger"
94,"Body Slam"
94,"Double-Edge"
94,"Dream Eater"
94,"Mimic"
94,"Nightmare"
94,"Seismic Toss"
94,"Selfdestruct"
94,"Substitute"
94,"Swagger"
74,"Body Slam"
74,"Double-Edge"
74,"Mimic"
74,"Seismic Toss"
74,"Selfdestruct"
74,"Substitute"
74,"Swagger"
203,"Body Slam"
203,"Double-Edge"
203,"Dream Eater"
203,"Mimic"
203,"Nightmare"
203,"Substitute"
203,"Swagger"
203,"Thunder Wave"
362,"Body Slam"
362,"Double-Edge"
362,"Icy Wind"
362,"Selfdestruct"
362,"Substitute"
362,"Swagger"
207,"Double-Edge"
207,"Dream Eater"
207,"Mimic"
207,"Substitute"
207,"Swagger"
44,"Double-Edge"
44,"Mimic"
44,"Substitute"
44,"Swagger"
42,"Double-Edge"
42,"Mimic"
42,"Substitute"
42,"Swagger"
118,"Double-Edge"
118,"Icy Wind"
118,"Mimic"
118,"Substitute"
118,"Swagger"
55,"Body Slam"
55,"Double-Edge"
55,"Icy Wind"
55,"Mimic"
55,"Seismic Toss"
55,"Substitute"
55,"Swagger"
76,"Body Slam"
76,"Double-Edge"
76,"Mimic"
76,"Seismic Toss"
76,"Selfdestruct"
76,"Substitute"
76,"Swagger"
368,"Body Slam"
368,"Double-Edge"
368,"Icy Wind"
368,"Mimic"
368,"Substitute"
368,"Swagger"
210,"Body Slam"
210,"Double-Edge"
210,"Mimic"
210,"Seismic Toss"
210,"Substitute"
210,"Swagger"
210,"Thunder Wave"
75,"Body Slam"
75,"Double-Edge"
75,"Mimic"
75,"Seismic Toss"
75,"Selfdestruct"
75,"Substitute"
75,"Swagger"
88,"Body Slam"
88,"Mimic"
88,"Selfdestruct"
88,"Substitute"
88,"Swagger"
383,"Body Slam"
383,"Double-Edge"
383,"Mimic"
383,"Seismic Toss"
383,"Substitute"
383,"Swagger"
383,"Thunder Wave"
253,"Body Slam"
253,"Double-Edge"
253,"Mimic"
253,"Seismic Toss"
253,"Substitute"
253,"Swagger"
58,"Body Slam"
58,"Double-Edge"
58,"Mimic"
58,"Substitute"
58,"Swagger"
326,"Body Slam"
326,"Double-Edge"
326,"Dream Eater"
326,"Icy Wind"
326,"Mimic"
326,"Seismic Toss"
326,"Substitute"
326,"Swagger"
316,"Body Slam"
316,"Double-Edge"
316,"Dream Eater"
316,"Mimic"
316,"Nightmare"
316,"Selfdestruct"
316,"Substitute"
316,"Swagger"
130,"Body Slam"
130,"Double-Edge"
130,"Icy Wind"
130,"Mimic"
130,"Substitute"
130,"Swagger"
130,"Thunder Wave"
297,"Body Slam"
297,"Double-Edge"
297,"Mimic"
297,"Seismic Toss"
297,"Substitute"
297,"Swagger"
93,"Dream Eater"
93,"Mimic"
93,"Nightmare"
93,"Selfdestruct"
93,"Substitute"
93,"Swagger"
214,"Body Slam"
214,"Double-Edge"
214,"Mimic"
214,"Seismic Toss"
214,"Substitute"
214,"Swagger"
107,"Body Slam"
107,"Double-Edge"
107,"Mimic"
107,"Seismic Toss"
107,"Substitute"
107,"Swagger"
106,"Body Slam"
106,"Double-Edge"
106,"Mimic"
106,"Seismic Toss"
106,"Substitute"
106,"Swagger"
237,"Body Slam"
237,"Double-Edge"
237,"Mimic"
237,"Seismic Toss"
237,"Substitute"
237,"Swagger"
250,"Double-Edge"
250,"Dream Eater"
250,"Mimic"
250,"Nightmare"
250,"Sky Attack"
250,"Substitute"
250,"Swagger"
250,"Thunder Wave"
163,"Double-Edge"
163,"Dream Eater"
163,"Mimic"
163,"Nightmare"
163,"Sky Attack"
163,"Substitute"
163,"Swagger"
187,"Double-Edge"
187,"Mimic"
187,"Substitute"
187,"Swagger"
116,"Double-Edge"
116,"Icy Wind"
116,"Mimic"
116,"Substitute"
116,"Swagger"
229,"Body Slam"
229,"Double-Edge"
229,"Dream Eater"
229,"Mimic"
229,"Nightmare"
229,"Substitute"
229,"Swagger"
228,"Body Slam"
228,"Double-Edge"
228,"Dream Eater"
228,"Mimic"
228,"Nightmare"
228,"Substitute"
228,"Swagger"
367,"Body Slam"
367,"Double-Edge"
367,"Icy Wind"
367,"Mimic"
367,"Substitute"
367,"Swagger"
97,"Body Slam"
97,"Double-Edge"
97,"Dream Eater"
97,"Mimic"
97,"Nightmare"
97,"Seismic Toss"
97,"Substitute"
97,"Swagger"
97,"Thunder Wave"
174,"Body Slam"
174,"Double-Edge"
174,"Dream Eater"
174,"Icy Wind"
174,"Mimic"
174,"Nightmare"
174,"Seismic Toss"
174,"Substitute"
174,"Swagger"
174,"Thunder Wave"
314,"Body Slam"
314,"Double-Edge"
314,"Mimic"
314,"Seismic Toss"
314,"Substitute"
314,"Swagger"
314,"Thunder Wave"
2,"Body Slam"
2,"Double-Edge"
2,"Mimic"
2,"Substitute"
2,"Swagger"
39,"Body Slam"
39,"Double-Edge"
39,"Dream Eater"
39,"Mimic"
39,"Nightmare"
39,"Seismic Toss"
39,"Substitute"
39,"Swagger"
39,"Thunder Wave"
385,"Body Slam"
385,"Double-Edge"
385,"Dream Eater"
385,"Icy Wind"
385,"Mimic"
385,"Nightmare"
385,"Substitute"
385,"Swagger"
385,"Thunder Wave"
135,"Body Slam"
135,"Double-Edge"
135,"Mimic"
135,"Substitute"
135,"Swagger"
135,"Thunder Wave"
189,"Double-Edge"
189,"Mimic"
189,"Substitute"
189,"Swagger"
124,"Body Slam"
124,"Double-Edge"
124,"Dream Eater"
124,"Icy Wind"
124,"Mimic"
124,"Nightmare"
124,"Seismic Toss"
124,"Substitute"
124,"Swagger"
140,"Body Slam"
140,"Double-Edge"
140,"Icy Wind"
140,"Mimic"
140,"Substitute"
140,"Swagger"
141,"Body Slam"
141,"Icy Wind"
141,"Mimic"
141,"Seismic Toss"
141,"Substitute"
141,"Swagger"
64,"Body Slam"
64,"Double-Edge"
64,"Dream Eater"
64,"Mimic"
64,"Nightmare"
64,"Seismic Toss"
64,"Substitute"
64,"Swagger"
64,"Thunder Wave"
115,"Body Slam"
115,"Double-Edge"
115,"Icy Wind"
115,"Mimic"
115,"Seismic Toss"
115,"Substitute"
115,"Swagger"
352,"Body Slam"
352,"Double-Edge"
352,"Icy Wind"
352,"Mimic"
352,"Seismic Toss"
352,"Substitute"
352,"Swagger"
352,"Thunder Wave"
230,"Body Slam"
230,"Double-Edge"
230,"Icy Wind"
230,"Mimic"
230,"Substitute"
230,"Swagger"
99,"Body Slam"
99,"Double-Edge"
99,"Icy Wind"
99,"Mimic"
99,"Substitute"
99,"Swagger"
281,"Body Slam"
281,"Double-Edge"
281,"Dream Eater"
281,"Icy Wind"
281,"Mimic"
281,"Nightmare"
281,"Substitute"
281,"Swagger"
281,"Thunder Wave"
109,"Mimic"
109,"Selfdestruct"
109,"Substitute"
109,"Swagger"
98,"Body Slam"
98,"Double-Edge"
98,"Icy Wind"
98,"Mimic"
98,"Substitute"
98,"Swagger"
382,"Body Slam"
382,"Double-Edge"
382,"Icy Wind"
382,"Mimic"
382,"Substitute"
382,"Swagger"
382,"Thunder Wave"
305,"Body Slam"
305,"Double-Edge"
305,"Mimic"
305,"Substitute"
305,"Swagger"
171,"Double-Edge"
171,"Mimic"
171,"Substitute"
171,"Swagger"
171,"Thunder Wave"
131,"Body Slam"
131,"Double-Edge"
131,"Dream Eater"
131,"Icy Wind"
131,"Mimic"
131,"Substitute"
131,"Swagger"
246,"Body Slam"
246,"Double-Edge"
246,"Mimic"
246,"Substitute"
246,"Swagger"
380,"Body Slam"
380,"Double-Edge"
380,"Dream Eater"
380,"Icy Wind"
380,"Mimic"
380,"Substitute"
380,"Swagger"
380,"Thunder Wave"
381,"Body Slam"
381,"Double-Edge"
381,"Dream Eater"
381,"Icy Wind"
381,"Mimic"
381,"Substitute"
381,"Swagger"
381,"Thunder Wave"
166,"Double-Edge"
166,"Mimic"
166,"Substitute"
166,"Swagger"
165,"Double-Edge"
165,"Mimic"
165,"Substitute"
165,"Swagger"
108,"Body Slam"
108,"Double-Edge"
108,"Dream Eater"
108,"Icy Wind"
108,"Mimic"
108,"Nightmare"
108,"Seismic Toss"
108,"Substitute"
108,"Swagger"
345,"Body Slam"
345,"Double-Edge"
345,"Mimic"
345,"Substitute"
345,"Swagger"
264,"Body Slam"
264,"Double-Edge"
264,"Icy Wind"
264,"Mimic"
264,"Substitute"
264,"Swagger"
264,"Thunder Wave"
271,"Body Slam"
271,"Double-Edge"
271,"Icy Wind"
271,"Mimic"
271,"Substitute"
271,"Swagger"
270,"Body Slam"
270,"Double-Edge"
270,"Icy Wind"
270,"Mimic"
270,"Substitute"
270,"Swagger"
294,"Body Slam"
294,"Double-Edge"
294,"Icy Wind"
294,"Mimic"
294,"Seismic Toss"
294,"Substitute"
294,"Swagger"
272,"Body Slam"
272,"Double-Edge"
272,"Icy Wind"
272,"Mimic"
272,"Seismic Toss"
272,"Substitute"
272,"Swagger"
249,"Body Slam"
249,"Double-Edge"
249,"Dream Eater"
249,"Icy Wind"
249,"Mimic"
249,"Nightmare"
249,"Substitute"
249,"Swagger"
249,"Thunder Wave"
337,"Body Slam"
337,"Double-Edge"
337,"Dream Eater"
337,"Mimic"
337,"Selfdestruct"
337,"Substitute"
337,"Swagger"
370,"Double-Edge"
370,"Icy Wind"
370,"Mimic"
370,"Substitute"
370,"Swagger"
68,"Body Slam"
68,"Double-Edge"
68,"Mimic"
68,"Seismic Toss"
68,"Substitute"
68,"Swagger"
67,"Body Slam"
67,"Double-Edge"
67,"Mimic"
67,"Seismic Toss"
67,"Substitute"
67,"Swagger"
66,"Body Slam"
66,"Double-Edge"
66,"Mimic"
66,"Seismic Toss"
66,"Substitute"
66,"Swagger"
240,"Body Slam"
240,"Double-Edge"
240,"Mimic"
240,"Seismic Toss"
240,"Substitute"
240,"Swagger"
219,"Body Slam"
219,"Double-Edge"
219,"Mimic"
219,"Substitute"
219,"Swagger"
126,"Body Slam"
126,"Double-Edge"
126,"Mimic"
126,"Seismic Toss"
126,"Substitute"
126,"Swagger"
81,"Double-Edge"
81,"Mimic"
81,"Substitute"
81,"Swagger"
81,"Thunder Wave"
82,"Double-Edge"
82,"Mimic"
82,"Substitute"
82,"Swagger"
82,"Thunder Wave"
296,"Body Slam"
296,"Double-Edge"
296,"Mimic"
296,"Seismic Toss"
296,"Substitute"
296,"Swagger"
310,"Body Slam"
310,"Double-Edge"
310,"Mimic"
310,"Substitute"
310,"Swagger"
310,"Thunder Wave"
56,"Body Slam"
56,"Double-Edge"
56,"Mimic"
56,"Seismic Toss"
56,"Substitute"
56,"Swagger"
226,"Body Slam"
226,"Double-Edge"
226,"Icy Wind"
226,"Mimic"
226,"Substitute"
226,"Swagger"
179,"Body Slam"
179,"Double-Edge"
179,"Mimic"
179,"Substitute"
179,"Swagger"
179,"Thunder Wave"
183,"Body Slam"
183,"Double-Edge"
183,"Icy Wind"
183,"Mimic"
183,"Substitute"
183,"Swagger"
105,"Body Slam"
105,"Double-Edge"
105,"Icy Wind"
105,"Mimic"
105,"Seismic Toss"
105,"Substitute"
105,"Swagger"
259,"Body Slam"
259,"Double-Edge"
259,"Icy Wind"
259,"Mimic"
259,"Seismic Toss"
259,"Substitute"
259,"Swagger"
284,"Double-Edge"
284,"Icy Wind"
284,"Mimic"
284,"Nightmare"
284,"Substitute"
284,"Swagger"
303,"Body Slam"
303,"Double-Edge"
303,"Icy Wind"
303,"Mimic"
303,"Seismic Toss"
303,"Substitute"
303,"Swagger"
308,"Body Slam"
308,"Double-Edge"
308,"Dream Eater"
308,"Mimic"
308,"Seismic Toss"
308,"Substitute"
308,"Swagger"
307,"Body Slam"
307,"Double-Edge"
307,"Dream Eater"
307,"Mimic"
307,"Seismic Toss"
307,"Substitute"
307,"Swagger"
154,"Body Slam"
154,"Double-Edge"
154,"Mimic"
154,"Substitute"
154,"Swagger"
52,"Body Slam"
52,"Double-Edge"
52,"Dream Eater"
52,"Icy Wind"
52,"Mimic"
52,"Nightmare"
52,"Substitute"
52,"Swagger"
376,"Body Slam"
376,"Double-Edge"
376,"Icy Wind"
376,"Mimic"
376,"Selfdestruct"
376,"Substitute"
376,"Swagger"
375,"Body Slam"
375,"Double-Edge"
375,"Icy Wind"
375,"Mimic"
375,"Selfdestruct"
375,"Substitute"
375,"Swagger"
151,"Body Slam"
151,"Double-Edge"
151,"Dream Eater"
151,"Icy Wind"
151,"Mimic"
151,"Nightmare"
151,"Seismic Toss"
151,"Selfdestruct"
151,"Sky Attack"
151,"Substitute"
151,"Swagger"
151,"Thunder Wave"
150,"Body Slam"
150,"Double-Edge"
150,"Dream Eater"
150,"Icy Wind"
150,"Mimic"
150,"Nightmare"
150,"Seismic Toss"
150,"Selfdestruct"
150,"Substitute"
150,"Swagger"
150,"Thunder Wave"
262,"Body Slam"
262,"Double-Edge"
262,"Mimic"
262,"Substitute"
262,"Swagger"
350,"Body Slam"
350,"Double-Edge"
350,"Icy Wind"
350,"Mimic"
350,"Substitute"
350,"Swagger"
241,"Body Slam"
241,"Double-Edge"
241,"Icy Wind"
241,"Mimic"
241,"Seismic Toss"
241,"Substitute"
241,"Swagger"
241,"Thunder Wave"
312,"Body Slam"
312,"Double-Edge"
312,"Mimic"
312,"Seismic Toss"
312,"Substitute"
312,"Swagger"
312,"Thunder Wave"
200,"Double-Edge"
200,"Dream Eater"
200,"Mimic"
200,"Nightmare"
200,"Substitute"
200,"Swagger"
200,"Thunder Wave"
146,"Double-Edge"
146,"Mimic"
146,"Sky Attack"
146,"Substitute"
146,"Swagger"
122,"Body Slam"
122,"Double-Edge"
122,"Dream Eater"
122,"Mimic"
122,"Nightmare"
122,"Seismic Toss"
122,"Substitute"
122,"Swagger"
122,"Thunder Wave"
258,"Body Slam"
258,"Double-Edge"
258,"Icy Wind"
258,"Mimic"
258,"Substitute"
258,"Swagger"
89,"Body Slam"
89,"Mimic"
89,"Selfdestruct"
89,"Substitute"
89,"Swagger"
198,"Double-Edge"
198,"Dream Eater"
198,"Icy Wind"
198,"Mimic"
198,"Nightmare"
198,"Sky Attack"
198,"Substitute"
198,"Swagger"
198,"Thunder Wave"
177,"Double-Edge"
177,"Dream Eater"
177,"Mimic"
177,"Nightmare"
177,"Sky Attack"
177,"Substitute"
177,"Swagger"
177,"Thunder Wave"
34,"Body Slam"
34,"Double-Edge"
34,"Icy Wind"
34,"Mimic"
34,"Seismic Toss"
34,"Substitute"
34,"Swagger"
31,"Body Slam"
31,"Double-Edge"
31,"Icy Wind"
31,"Mimic"
31,"Seismic Toss"
31,"Substitute"
31,"Swagger"
29,"Body Slam"
29,"Double-Edge"
29,"Mimic"
29,"Substitute"
29,"Swagger"
32,"Body Slam"
32,"Double-Edge"
32,"Mimic"
32,"Substitute"
32,"Swagger"
30,"Body Slam"
30,"Double-Edge"
30,"Mimic"
30,"Substitute"
30,"Swagger"
33,"Body Slam"
33,"Double-Edge"
33,"Mimic"
33,"Substitute"
33,"Swagger"
290,"Double-Edge"
290,"Mimic"
290,"Substitute"
290,"Swagger"
38,"Body Slam"
38,"Double-Edge"
38,"Mimic"
38,"Substitute"
38,"Swagger"
291,"Double-Edge"
291,"Mimic"
291,"Substitute"
291,"Swagger"
164,"Double-Edge"
164,"Dream Eater"
164,"Mimic"
164,"Nightmare"
164,"Sky Attack"
164,"Substitute"
164,"Swagger"
299,"Body Slam"
299,"Double-Edge"
299,"Mimic"
299,"Selfdestruct"
299,"Substitute"
299,"Swagger"
299,"Thunder Wave"
322,"Body Slam"
322,"Double-Edge"
322,"Mimic"
322,"Substitute"
322,"Swagger"
274,"Body Slam"
274,"Double-Edge"
274,"Mimic"
274,"Selfdestruct"
274,"Substitute"
274,"Swagger"
224,"Double-Edge"
224,"Mimic"
224,"Seismic Toss"
224,"Substitute"
224,"Swagger"
224,"Thunder Wave"
43,"Double-Edge"
43,"Mimic"
43,"Substitute"
43,"Swagger"
138,"Body Slam"
138,"Double-Edge"
138,"Icy Wind"
138,"Mimic"
138,"Substitute"
138,"Swagger"
139,"Body Slam"
139,"Double-Edge"
139,"Icy Wind"
139,"Mimic"
139,"Seismic Toss"
139,"Substitute"
139,"Swagger"
95,"Body Slam"
95,"Double-Edge"
95,"Mimic"
95,"Selfdestruct"
95,"Substitute"
95,"Swagger"
46,"Body Slam"
46,"Double-Edge"
46,"Mimic"
46,"Substitute"
46,"Swagger"
47,"Body Slam"
47,"Double-Edge"
47,"Mimic"
47,"Substitute"
47,"Swagger"
279,"Double-Edge"
279,"Icy Wind"
279,"Mimic"
279,"Sky Attack"
279,"Substitute"
279,"Swagger"
53,"Body Slam"
53,"Double-Edge"
53,"Dream Eater"
53,"Icy Wind"
53,"Mimic"
53,"Nightmare"
53,"Substitute"
53,"Swagger"
231,"Body Slam"
231,"Counter"
231,"Defense Curl"
231,"Double-Edge"
231,"Endure"
231,"Mimic"
231,"Mud-Slap"
231,"Rollout"
231,"Sleep Talk"
231,"Snore"
231,"Substitute"
231,"Swagger"
172,"Body Slam"
172,"Double-Edge"
172,"Mimic"
172,"Seismic Toss"
172,"Substitute"
172,"Swagger"
172,"Thunder Wave"
18,"Double-Edge"
18,"Mimic"
18,"Sky Attack"
18,"Substitute"
18,"Swagger"
17,"Double-Edge"
17,"Mimic"
17,"Sky Attack"
17,"Substitute"
17,"Swagger"
16,"Double-Edge"
16,"Mimic"
16,"Sky Attack"
16,"Substitute"
16,"Swagger"
25,"Body Slam"
25,"Double-Edge"
25,"Mimic"
25,"Seismic Toss"
25,"Substitute"
25,"Thunder Wave"
221,"Body Slam"
221,"Double-Edge"
221,"Icy Wind"
221,"Mimic"
221,"Substitute"
221,"Swagger"
204,"Body Slam"
204,"Double-Edge"
204,"Selfdestruct"
204,"Mimic"
204,"Substitute"
204,"Swagger"
127,"Body Slam"
127,"Double-Edge"
127,"Mimic"
127,"Seismic Toss"
127,"Substitute"
127,"Swagger"
311,"Body Slam"
311,"Double-Edge"
311,"Mimic"
311,"Seismic Toss"
311,"Substitute"
311,"Swagger"
311,"Thunder Wave"
186,"Body Slam"
186,"Double-Edge"
186,"Icy Wind"
186,"Mimic"
186,"Seismic Toss"
186,"Substitute"
186,"Swagger"
60,"Body Slam"
60,"Double-Edge"
60,"Icy Wind"
60,"Mimic"
60,"Substitute"
60,"Swagger"
61,"Body Slam"
61,"Double-Edge"
61,"Icy Wind"
61,"Mimic"
61,"Seismic Toss"
61,"Substitute"
61,"Swagger"
62,"Body Slam"
62,"Double-Edge"
62,"Icy Wind"
62,"Mimic"
62,"Seismic Toss"
62,"Substitute"
62,"Swagger"
77,"Body Slam"
77,"Double-Edge"
77,"Mimic"
77,"Substitute"
77,"Swagger"
261,"Body Slam"
261,"Double-Edge"
261,"Mimic"
261,"Substitute"
261,"Swagger"
137,"Double-Edge"
137,"Dream Eater"
137,"Icy Wind"
137,"Mimic"
137,"Nightmare"
137,"Substitute"
137,"Swagger"
137,"Thunder Wave"
233,"Double-Edge"
233,"Dream Eater"
233,"Icy Wind"
233,"Mimic"
233,"Nightmare"
233,"Substitute"
233,"Swagger"
233,"Thunder Wave"
57,"Body Slam"
57,"Double-Edge"
57,"Mimic"
57,"Seismic Toss"
57,"Substitute"
57,"Swagger"
54,"Body Slam"
54,"Double-Edge"
54,"Icy Wind"
54,"Mimic"
54,"Seismic Toss"
54,"Substitute"
54,"Swagger"
247,"Body Slam"
247,"Double-Edge"
247,"Mimic"
247,"Substitute"
247,"Swagger"
195,"Body Slam"
195,"Double-Edge"
195,"Mimic"
195,"Seismic Toss"
195,"Substitute"
195,"Swagger"
156,"Body Slam"
156,"Double-Edge"
156,"Mimic"
156,"Substitute"
156,"Swagger"
211,"Double-Edge"
211,"Icy Wind"
211,"Mimic"
211,"Selfdestruct"
211,"Substitute"
211,"Swagger"
211,"Thunder Wave"
26,"Body Slam"
26,"Double-Edge"
26,"Mimic"
26,"Seismic Toss"
26,"Substitute"
26,"Swagger"
26,"Thunder Wave"
243,"Body Slam"
243,"Double-Edge"
243,"Mimic"
243,"Substitute"
243,"Swagger"
243,"Thunder Wave"
280,"Body Slam"
280,"Double-Edge"
280,"Dream Eater"
280,"Icy Wind"
280,"Mimic"
280,"Nightmare"
280,"Substitute"
280,"Swagger"
280,"Thunder Wave"
78,"Body Slam"
78,"Double-Edge"
78,"Mimic"
78,"Substitute"
78,"Swagger"
20,"Body Slam"
20,"Double-Edge"
20,"Icy Wind"
20,"Mimic"
20,"Substitute"
20,"Swagger"
20,"Thunder Wave"
19,"Body Slam"
19,"Double-Edge"
19,"Icy Wind"
19,"Mimic"
19,"Substitute"
19,"Swagger"
19,"Thunder Wave"
384,"Body Slam"
384,"Double-Edge"
384,"Icy Wind"
384,"Mimic"
384,"Substitute"
384,"Swagger"
384,"Thunder Wave"
378,"Body Slam"
378,"Double-Edge"
378,"Icy Wind"
378,"Mimic"
378,"Seismic Toss"
378,"Selfdestruct"
378,"Substitute"
378,"Swagger"
378,"Thunder Wave"
377,"Body Slam"
377,"Double-Edge"
377,"Mimic"
377,"Seismic Toss"
377,"Selfdestruct"
377,"Substitute"
377,"Swagger"
377,"Thunder Wave"
379,"Body Slam"
379,"Double-Edge"
379,"Mimic"
379,"Seismic Toss"
379,"Selfdestruct"
379,"Substitute"
379,"Swagger"
379,"Thunder Wave"
369,"Body Slam"
369,"Double-Edge"
369,"Icy Wind"
369,"Mimic"
369,"Substitute"
369,"Swagger"
223,"Double-Edge"
223,"Mimic"
223,"Substitute"
223,"Swagger"
223,"Thunder Wave"
112,"Body Slam"
112,"Icy Wind"
112,"Mimic"
112,"Seismic Toss"
112,"Substitute"
112,"Swagger"
111,"Body Slam"
111,"Double-Edge"
111,"Icy Wind"
111,"Mimic"
111,"Substitute"
111,"Swagger"
315,"Body Slam"
315,"Double-Edge"
315,"Mimic"
315,"Nightmare"
315,"Substitute"
315,"Swagger"
302,"Body Slam"
302,"Double-Edge"
302,"Dream Eater"
302,"Mimic"
302,"Nightmare"
302,"Seismic Toss"
302,"Substitute"
302,"Swagger"
373,"Body Slam"
373,"Double-Edge"
373,"Mimic"
373,"Substitute"
373,"Swagger"
27,"Body Slam"
27,"Double-Edge"
27,"Mimic"
27,"Seismic Toss"
27,"Substitute"
27,"Swagger"
28,"Body Slam"
28,"Double-Edge"
28,"Mimic"
28,"Seismic Toss"
28,"Substitute"
28,"Swagger"
254,"Body Slam"
254,"Double-Edge"
254,"Mimic"
254,"Seismic Toss"
254,"Substitute"
254,"Swagger"
212,"Double-Edge"
212,"Mimic"
212,"Substitute"
212,"Swagger"
123,"Double-Edge"
123,"Mimic"
123,"Substitute"
123,"Swagger"
117,"Double-Edge"
117,"Icy Wind"
117,"Mimic"
117,"Substitute"
117,"Swagger"
119,"Double-Edge"
119,"Icy Wind"
119,"Mimic"
119,"Substitute"
119,"Swagger"
364,"Body Slam"
364,"Double-Edge"
364,"Icy Wind"
364,"Mimic"
364,"Substitute"
364,"Swagger"
273,"Body Slam"
273,"Double-Edge"
273,"Mimic"
273,"Selfdestruct"
273,"Substitute"
273,"Swagger"
86,"Body Slam"
86,"Double-Edge"
86,"Icy Wind"
86,"Mimic"
86,"Substitute"
86,"Swagger"
161,"Body Slam"
161,"Double-Edge"
161,"Mimic"
161,"Substitute"
161,"Swagger"
336,"Body Slam"
336,"Double-Edge"
336,"Mimic"
336,"Substitute"
336,"Swagger"
319,"Double-Edge"
319,"Icy Wind"
319,"Mimic"
319,"Substitute"
319,"Swagger"
292,"Double-Edge"
292,"Dream Eater"
292,"Mimic"
292,"Nightmare"
292,"Substitute"
292,"Swagger"
372,"Body Slam"
372,"Double-Edge"
372,"Mimic"
372,"Substitute"
372,"Swagger"
90,"Double-Edge"
90,"Icy Wind"
90,"Mimic"
90,"Selfdestruct"
90,"Substitute"
90,"Swagger"
275,"Body Slam"
275,"Double-Edge"
275,"Mimic"
275,"Selfdestruct"
275,"Substitute"
275,"Swagger"
285,"Body Slam"
285,"Double-Edge"
285,"Mimic"
285,"Substitute"
285,"Swagger"
213,"Body Slam"
213,"Double-Edge"
213,"Mimic"
213,"Substitute"
213,"Swagger"
353,"Body Slam"
353,"Double-Edge"
353,"Dream Eater"
353,"Icy Wind"
353,"Mimic"
353,"Nightmare"
353,"Substitute"
353,"Swagger"
353,"Thunder Wave"
227,"Double-Edge"
227,"Mimic"
227,"Sky Attack"
227,"Substitute"
227,"Swagger"
188,"Double-Edge"
188,"Mimic"
188,"Substitute"
188,"Swagger"
300,"Body Slam"
300,"Double-Edge"
300,"Dream Eater"
300,"Icy Wind"
300,"Mimic"
300,"Substitute"
300,"Swagger"
300,"Thunder Wave"
289,"Body Slam"
289,"Double-Edge"
289,"Icy Wind"
289,"Mimic"
289,"Seismic Toss"
289,"Substitute"
289,"Swagger"
287,"Body Slam"
287,"Double-Edge"
287,"Icy Wind"
287,"Mimic"
287,"Seismic Toss"
287,"Substitute"
287,"Swagger"
80,"Body Slam"
80,"Double-Edge"
80,"Dream Eater"
80,"Icy Wind"
80,"Mimic"
80,"Nightmare"
80,"Seismic Toss"
80,"Substitute"
80,"Swagger"
80,"Thunder Wave"
199,"Body Slam"
199,"Double-Edge"
199,"Dream Eater"
199,"Icy Wind"
199,"Mimic"
199,"Nightmare"
199,"Seismic Toss"
199,"Substitute"
199,"Swagger"
199,"Thunder Wave"
79,"Body Slam"
79,"Double-Edge"
79,"Dream Eater"
79,"Icy Wind"
79,"Mimic"
79,"Nightmare"
79,"Substitute"
79,"Swagger"
79,"Thunder Wave"
218,"Body Slam"
218,"Double-Edge"
218,"Mimic"
218,"Substitute"
218,"Swagger"
238,"Body Slam"
238,"Double-Edge"
238,"Dream Eater"
238,"Icy Wind"
238,"Mimic"
238,"Nightmare"
238,"Seismic Toss"
238,"Substitute"
238,"Swagger"
215,"Double-Edge"
215,"Dream Eater"
215,"Icy Wind"
215,"Mimic"
215,"Nightmare"
215,"Substitute"
215,"Swagger"
143,"Body Slam"
143,"Double-Edge"
143,"Icy Wind"
143,"Mimic"
143,"Seismic Toss"
143,"Selfdestruct"
143,"Substitute"
143,"Swagger"
361,"Body Slam"
361,"Double-Edge"
361,"Icy Wind"
361,"Mimic"
361,"Substitute"
361,"Swagger"
209,"Body Slam"
209,"Double-Edge"
209,"Mimic"
209,"Seismic Toss"
209,"Substitute"
209,"Swagger"
209,"Thunder Wave"
338,"Body Slam"
338,"Double-Edge"
338,"Dream Eater"
338,"Mimic"
338,"Selfdestruct"
338,"Substitute"
338,"Swagger"
21,"Double-Edge"
21,"Mimic"
21,"Sky Attack"
21,"Substitute"
21,"Swagger"
363,"Body Slam"
363,"Double-Edge"
363,"Icy Wind"
363,"Mimic"
363,"Substitute"
363,"Swagger"
167,"Body Slam"
167,"Double-Edge"
167,"Mimic"
167,"Substitute"
167,"Swagger"
327,"Body Slam"
327,"Double-Edge"
327,"Dream Eater"
327,"Icy Wind"
327,"Mimic"
327,"Nightmare"
327,"Seismic Toss"
327,"Substitute"
327,"Swagger"
325,"Body Slam"
325,"Double-Edge"
325,"Dream Eater"
325,"Icy Wind"
325,"Mimic"
325,"Substitute"
325,"Swagger"
7,"Body Slam"
7,"Double-Edge"
7,"Icy Wind"
7,"Mimic"
7,"Seismic Toss"
7,"Substitute"
7,"Swagger"
234,"Body Slam"
234,"Double-Edge"
234,"Dream Eater"
234,"Mimic"
234,"Nightmare"
234,"Substitute"
234,"Swagger"
234,"Thunder Wave"
121,"Dream Eater"
121,"Double-Edge"
121,"Icy Wind"
121,"Mimic"
121,"Substitute"
121,"Swagger"
121,"Thunder Wave"
120,"Double-Edge"
120,"Icy Wind"
120,"Mimic"
120,"Substitute"
120,"Swagger"
120,"Thunder Wave"
208,"Body Slam"
208,"Double-Edge"
208,"Mimic"
208,"Selfdestruct"
208,"Substitute"
208,"Swagger"
185,"Body Slam"
185,"Double-Edge"
185,"Mimic"
185,"Seismic Toss"
185,"Selfdestruct"
185,"Substitute"
185,"Swagger"
245,"Body Slam"
245,"Double-Edge"
245,"Icy Wind"
245,"Mimic"
245,"Substitute"
245,"Swagger"
192,"Double-Edge"
192,"Mimic"
192,"Substitute"
192,"Swagger"
191,"Double-Edge"
191,"Mimic"
191,"Substitute"
191,"Swagger"
283,"Double-Edge"
283,"Icy Wind"
283,"Mimic"
283,"Substitute"
283,"Swagger"
333,"Body Slam"
333,"Double-Edge"
333,"Dream Eater"
333,"Mimic"
333,"Sky Attack"
333,"Substitute"
333,"Swagger"
317,"Body Slam"
317,"Double-Edge"
317,"Dream Eater"
317,"Mimic"
317,"Nightmare"
317,"Selfdestruct"
317,"Substitute"
317,"Swagger"
260,"Body Slam"
260,"Double-Edge"
260,"Icy Wind"
260,"Mimic"
260,"Seismic Toss"
260,"Substitute"
260,"Swagger"
277,"Double-Edge"
277,"Mimic"
277,"Sky Attack"
277,"Substitute"
277,"Swagger"
220,"Body Slam"
220,"Double-Edge"
220,"Icy Wind"
220,"Mimic"
220,"Substitute"
220,"Swagger"
276,"Double-Edge"
276,"Mimic"
276,"Sky Attack"
276,"Substitute"
276,"Swagger"
114,"Body Slam"
114,"Double-Edge"
114,"Mimic"
114,"Substitute"
114,"Swagger"
128,"Body Slam"
128,"Double-Edge"
128,"Icy Wind"
128,"Mimic"
128,"Substitute"
128,"Swagger"
216,"Body Slam"
216,"Double-Edge"
216,"Mimic"
216,"Seismic Toss"
216,"Substitute"
216,"Swagger"
72,"Double-Edge"
72,"Icy Wind"
72,"Mimic"
72,"Substitute"
72,"Swagger"
73,"Double-Edge"
73,"Icy Wind"
73,"Mimic"
73,"Substitute"
73,"Swagger"
175,"Body Slam"
175,"Double-Edge"
175,"Dream Eater"
175,"Mimic"
175,"Seismic Toss"
175,"Substitute"
175,"Swagger"
175,"Thunder Wave"
176,"Body Slam"
176,"Double-Edge"
176,"Dream Eater"
176,"Mimic"
176,"Seismic Toss"
176,"Sky Attack"
176,"Substitute"
176,"Swagger"
176,"Thunder Wave"
255,"Body Slam"
255,"Double-Edge"
255,"Mimic"
255,"Seismic Toss"
255,"Substitute"
255,"Swagger"
324,"Body Slam"
324,"Double-Edge"
324,"Mimic"
324,"Selfdestruct"
324,"Substitute"
324,"Swagger"
158,"Body Slam"
158,"Double-Edge"
158,"Icy Wind"
158,"Mimic"
158,"Seismic Toss"
158,"Substitute"
158,"Swagger"
328,"Body Slam"
328,"Double-Edge"
328,"Mimic"
328,"Substitute"
328,"Swagger"
252,"Body Slam"
252,"Double-Edge"
252,"Mimic"
252,"Seismic Toss"
252,"Substitute"
252,"Swagger"
357,"Body Slam"
357,"Double-Edge"
357,"Mimic"
357,"Substitute"
357,"Swagger"
157,"Body Slam"
157,"Double-Edge"
157,"Mimic"
157,"Seismic Toss"
157,"Substitute"
157,"Swagger"
248,"Body Slam"
248,"Double-Edge"
248,"Mimic"
248,"Nightmare"
248,"Seismic Toss"
248,"Substitute"
248,"Swagger"
248,"Thunder Wave"
236,"Body Slam"
236,"Double-Edge"
236,"Mimic"
236,"Seismic Toss"
236,"Substitute"
236,"Swagger"
197,"Body Slam"
197,"Double-Edge"
197,"Dream Eater"
197,"Mimic"
197,"Nightmare"
197,"Substitute"
197,"Swagger"
217,"Body Slam"
217,"Double-Edge"
217,"Mimic"
217,"Seismic Toss"
217,"Substitute"
217,"Swagger"
134,"Body Slam"
134,"Double-Edge"
134,"Icy Wind"
134,"Mimic"
134,"Substitute"
134,"Swagger"
49,"Double-Edge"
49,"Mimic"
49,"Substitute"
49,"Swagger"
48,"Double-Edge"
48,"Mimic"
48,"Substitute"
48,"Swagger"
3,"Body Slam"
3,"Double-Edge"
3,"Mimic"
3,"Substitute"
3,"Swagger"
329,"Body Slam"
329,"Double-Edge"
329,"Mimic"
329,"Substitute"
329,"Swagger"
71,"Body Slam"
71,"Double-Edge"
71,"Mimic"
71,"Substitute"
71,"Swagger"
288,"Body Slam"
288,"Double-Edge"
288,"Icy Wind"
288,"Mimic"
288,"Seismic Toss"
288,"Substitute"
288,"Swagger"
45,"Body Slam"
45,"Double-Edge"
45,"Mimic"
45,"Substitute"
45,"Swagger"
313,"Body Slam"
313,"Double-Edge"
313,"Mimic"
313,"Seismic Toss"
313,"Substitute"
313,"Swagger"
313,"Thunder Wave"
100,"Mimic"
100,"Selfdestruct"
100,"Substitute"
100,"Swagger"
100,"Thunder Wave"
37,"Body Slam"
37,"Double-Edge"
37,"Mimic"
37,"Substitute"
37,"Swagger"
320,"Body Slam"
320,"Double-Edge"
320,"Icy Wind"
320,"Mimic"
320,"Selfdestruct"
320,"Substitute"
320,"Swagger"
321,"Body Slam"
321,"Double-Edge"
321,"Icy Wind"
321,"Mimic"
321,"Selfdestruct"
321,"Substitute"
321,"Swagger"
365,"Body Slam"
365,"Double-Edge"
365,"Icy Wind"
365,"Mimic"
365,"Substitute"
365,"Swagger"
8,"Body Slam"
8,"Double-Edge"
8,"Icy Wind"
8,"Mimic"
8,"Seismic Toss"
8,"Substitute"
8,"Swagger"
70,"Double-Edge"
70,"Mimic"
70,"Substitute"
70,"Swagger"
110,"Mimic"
110,"Selfdestruct"
110,"Substitute"
110,"Swagger"
340,"Double-Edge"
340,"Icy Wind"
340,"Mimic"
340,"Substitute"
340,"Swagger"
293,"Body Slam"
293,"Double-Edge"
293,"Icy Wind"
293,"Mimic"
293,"Seismic Toss"
293,"Substitute"
293,"Swagger"
40,"Body Slam"
40,"Double-Edge"
40,"Dream Eater"
40,"Mimic"
40,"Nightmare"
40,"Seismic Toss"
40,"Substitute"
40,"Swagger"
40,"Thunder Wave"
278,"Double-Edge"
278,"Icy Wind"
278,"Mimic"
278,"Sky Attack"
278,"Substitute"
278,"Swagger"
194,"Body Slam"
194,"Double-Edge"
194,"Mimic"
194,"Substitute"
194,"Swagger"
178,"Double-Edge"
178,"Dream Eater"
178,"Mimic"
178,"Nightmare"
178,"Sky Attack"
178,"Substitute"
178,"Swagger"
178,"Thunder Wave"
193,"Double-Edge"
193,"Dream Eater"
193,"Mimic"
193,"Substitute"
193,"Swagger"
335,"Body Slam"
335,"Double-Edge"
335,"Icy Wind"
335,"Mimic"
335,"Seismic Toss"
335,"Substitute"
335,"Swagger"
335,"Thunder Wave"
145,"Double-Edge"
145,"Mimic"
145,"Sky Attack"
145,"Substitute"
145,"Swagger"
145,"Thunder Wave"
263,"Body Slam"
263,"Double-Edge"
263,"Icy Wind"
263,"Mimic"
263,"Substitute"
263,"Swagger"
263,"Thunder Wave"
41,"Double-Edge"
41,"Mimic"
41,"Substitute"
41,"Swagger"
151,"Double-Edge"
151,"DynamicPunch"
151,"Explosion"
151,"Fury Cutter"
151,"Metronome"
151,"Mimic"
151,"Rollout"
151,"Sleep Talk"
151,"Substitute"
151,"Swagger"
151,"Softboiled"
151,"Seismic Toss"
151,"Dream Eater"
151,"Mega Punch"
151,"Mega Kick"
151,"Body Slam"
151,"Rock Slide"
151,"Counter"
151,"Thunder Wave"
151,"Swords Dance"
151,"Defense Curl"
151,"Snore"
151,"Mud-Slap"
151,"Swift"
151,"Icy Wind"
151,"Endure"
151,"Psych Up"
151,"Ice Punch"
151,"ThunderPunch"
151,"Fire Punch"
