Dex,MemberID,TeamID,TID,Gender,Level
320,1,0,1,"female",25
116,2,0,1,"female",25
263,1,0,2,"male",25
309,2,0,2,"male",25
363,1,0,3,"male",25
67,2,0,3,"male",25
183,1,0,4,"male",26
28,1,0,5,"male",26
183,1,0,6,"female",26
261,1,0,13,"male",5
265,1,0,14,"male",4
265,2,0,14,"male",4
263,1,0,15,"male",4
276,2,0,15,"male",3
263,1,0,16,"female",4
285,2,0,16,"female",4
183,1,0,19,"female",15
72,1,0,20,"male",15
285,1,0,21,"female",14
315,2,0,21,"female",14
300,1,0,23,"female",15
129,1,0,24,"male",5
72,2,0,24,"male",10
129,3,0,24,"male",15
296,1,0,25,"male",15
100,1,0,26,NULL,15
263,1,0,489,"male",5
273,2,0,489,"male",7
129,1,0,490,"male",9
263,1,0,491,"female",7
263,1,0,492,"male",7
270,1,0,493,"female",6
285,2,0,493,"female",6
129,1,0,495,"male",5
129,2,0,495,"male",6
129,3,0,495,"male",7
183,1,0,27,"female",26
72,1,0,28,"male",26
27,1,0,29,"male",25
28,2,0,29,"male",25
278,1,0,30,"female",25
320,2,0,30,"female",25
27,1,0,31,"male",25
27,2,0,31,"male",25
276,1,0,32,"male",25
278,2,0,32,"male",25
318,1,0,33,"male",26
72,1,0,34,"male",11
129,1,0,35,"male",10
72,2,0,35,"male",7
129,3,0,35,"male",10
72,1,0,36,"male",24
72,2,0,36,"male",24
320,1,0,37,"female",26
278,1,0,38,"female",25
118,2,0,38,"female",25
318,1,0,39,"male",26
72,1,0,41,"male",24
278,2,0,41,"male",24
72,3,0,41,"male",24
118,1,0,42,"female",26
120,1,0,43,NULL,26
118,1,0,44,"female",26
318,1,0,45,"male",26
116,1,0,46,"female",25
183,2,0,46,"female",25
310,1,0,47,"female",24
277,2,0,47,"female",24
310,3,0,47,"female",24
278,1,0,48,"male",24
66,2,0,48,"male",24
72,3,0,48,"male",24
73,1,0,49,"male",26
278,1,0,50,"male",12
66,2,0,50,"male",12
278,1,0,51,"male",13
183,1,0,52,"female",13
263,1,0,53,"male",13
298,1,0,54,"female",12
298,2,0,54,"female",12
72,1,0,55,"male",12
72,2,0,55,"male",12
298,1,0,56,"female",12
183,2,0,56,"male",12
118,1,0,57,"female",13
278,1,0,58,"male",11
66,2,0,58,"male",11
72,3,0,58,"male",11
183,1,0,59,"female",26
183,1,0,60,"female",26
72,1,0,61,"male",25
318,2,0,61,"male",25
118,1,0,62,"female",24
278,2,0,62,"female",24
118,3,0,62,"female",24
320,1,0,63,"male",25
73,2,0,63,"male",25
227,1,0,64,"male",25
227,2,0,64,"male",25
311,1,0,66,"female",14
312,2,0,66,"female",14
312,1,0,67,"male",14
311,2,0,67,"male",14
304,1,0,68,"male",15
309,2,0,68,"male",13
271,1,0,69,"male",14
274,2,0,69,"male",14
309,1,0,70,"male",14
100,2,0,70,NULL,14
63,1,0,71,"male",15
81,1,0,72,NULL,15
72,1,0,73,"male",11
320,2,0,73,"male",14
72,3,0,73,"male",11
320,4,0,73,"male",14
27,1,0,78,"male",19
315,1,0,79,"female",18
285,1,0,80,"female",18
322,1,0,81,"male",18
285,1,0,83,"female",17
183,2,0,83,"female",17
27,1,0,84,"male",18
27,1,0,85,"female",22
343,2,0,85,NULL,22
343,1,0,86,NULL,21
27,2,0,86,"male",21
343,3,0,86,NULL,21
27,1,0,87,"male",23
27,1,0,88,"female",22
183,2,0,88,"female",22
28,1,0,89,"male",23
183,1,0,90,"female",22
271,2,0,90,"female",22
27,1,0,91,"male",22
28,2,0,91,"male",22
276,1,0,92,"male",22
274,2,0,92,"male",22
309,1,0,93,"male",17
320,2,0,93,"male",17
296,3,0,93,"male",17
278,1,0,94,"female",17
322,2,0,94,"female",17
315,3,0,94,"female",17
66,1,0,95,"male",19
274,1,0,96,"male",18
276,1,0,97,"female",17
271,2,0,97,"female",17
74,1,0,98,"male",16
74,2,0,98,"male",17
74,3,0,98,"male",16
322,1,0,99,"male",17
66,2,0,99,"male",17
322,1,0,100,"male",18
218,2,0,100,"male",18
285,1,0,101,"female",18
315,2,0,101,"female",18
328,1,0,102,"male",19
343,1,0,103,NULL,18
27,2,0,103,"male",18
109,1,0,104,"male",18
291,2,0,104,"male",18
304,1,0,105,"male",18
304,2,0,105,"male",18
322,1,0,106,"female",19
109,1,0,108,"male",17
109,2,0,108,"male",17
109,3,0,108,"male",17
304,1,0,109,"male",19
183,1,0,110,"female",17
271,2,0,110,"female",19
227,1,0,111,"male",17
277,2,0,111,"male",19
339,1,0,112,"male",19
274,1,0,113,"female",19
339,1,0,114,"male",19
129,1,0,115,"male",16
118,2,0,115,"male",17
339,3,0,115,"male",18
183,1,0,116,"female",18
271,2,0,116,"female",18
27,1,0,118,"male",18
274,2,0,118,"male",18
304,1,0,119,"male",19
218,1,0,120,"male",18
278,2,0,120,"male",18
74,1,0,121,"male",18
322,2,0,121,"male",18
271,1,0,122,"female",18
183,2,0,122,"female",18
74,1,0,123,"male",18
66,2,0,123,"male",18
66,1,0,124,"male",19
335,1,0,125,"male",18
336,2,0,125,"male",18
307,1,0,126,"female",18
325,2,0,126,"female",18
307,1,0,127,"female",18
296,2,0,127,"male",18
291,1,0,128,"male",26
316,2,0,128,"male",26
297,1,0,129,"male",27
84,1,0,130,"female",26
85,2,0,130,"female",26
66,1,0,131,"male",24
67,2,0,131,"male",28
307,1,0,132,"female",26
296,2,0,132,"male",26
64,1,0,133,"male",26
281,2,0,133,"female",26
265,1,0,134,"male",8
290,2,0,134,"male",8
66,1,0,135,"male",9
285,1,0,136,"female",9
74,1,0,137,"male",8
285,1,0,138,"male",8
270,2,0,138,"male",8
74,1,0,139,"male",8
74,2,0,139,"male",8
270,1,0,140,"female",8
263,2,0,140,"female",8
263,1,0,141,"male",8
261,2,0,141,"male",8
280,1,0,142,"male",9
183,1,0,143,"female",9
84,1,0,144,"male",17
293,1,0,146,"male",11
263,2,0,146,"male",11
304,3,0,146,"male",11
261,4,0,146,"male",11
276,5,0,146,"male",11
296,6,0,146,"male",11
84,1,0,147,"female",17
269,1,0,148,"male",16
267,2,0,148,"male",16
280,1,0,149,"female",17
84,1,0,150,"female",17
307,1,0,151,"female",17
278,1,0,152,"female",11
285,2,0,152,"female",11
183,3,0,152,"female",11
315,4,0,152,"female",11
300,5,0,152,"female",11
118,6,0,152,"female",11
315,1,0,153,"female",14
285,2,0,153,"female",14
315,3,0,153,"female",14
263,1,0,154,"male",14
304,2,0,154,"male",14
309,3,0,154,"male",14
72,1,0,155,"male",16
81,1,0,156,NULL,15
293,2,0,156,"male",15
72,1,0,157,"male",25
318,2,0,157,"male",25
276,1,0,158,"male",25
277,2,0,158,"male",25
278,1,0,159,"male",26
291,1,0,160,"male",25
265,1,0,161,"male",24
266,2,0,161,"male",24
267,3,0,161,"male",24
313,1,0,162,"male",25
314,2,0,162,"female",25
265,1,0,163,"male",27
268,2,0,163,"male",27
269,3,0,163,"male",27
290,1,0,164,"male",28
291,2,0,164,"male",28
283,1,0,165,"male",26
129,1,0,166,"male",29
72,2,0,166,"male",20
349,3,0,166,"male",26
318,4,0,166,"male",23
44,1,0,167,"female",26
315,2,0,167,"female",26
286,1,0,168,"male",27
118,1,0,169,"female",26
277,1,0,170,"male",26
291,1,0,171,"male",25
109,2,0,171,"male",25
218,1,0,172,"male",25
322,2,0,172,"male",25
278,1,0,173,"male",25
357,2,0,173,"male",25
310,1,0,174,"male",26
291,1,0,175,"male",26
109,1,0,176,"male",25
109,2,0,176,"male",25
315,1,0,177,"female",28
320,2,0,177,"female",28
333,1,0,178,"male",29
278,1,0,179,"male",28
177,2,0,179,"male",28
310,1,0,180,"male",30
351,1,0,181,"female",30
290,1,0,182,"male",28
109,2,0,182,"male",28
307,1,0,183,"female",28
296,2,0,183,"male",28
302,1,0,184,"female",30
270,1,0,185,"female",28
271,2,0,185,"female",28
274,3,0,185,"female",28
273,1,0,186,"male",28
274,2,0,186,"male",28
271,3,0,186,"male",28
283,1,0,187,"male",27
283,2,0,187,"male",27
283,3,0,187,"male",27
109,1,0,188,"male",28
291,2,0,188,"male",28
343,1,0,189,NULL,27
27,2,0,189,"male",27
28,3,0,189,"male",27
269,1,0,190,"male",29
267,2,0,190,"male",29
355,1,0,191,"female",29
353,2,0,191,"female",29
352,1,0,192,"female",29
336,2,0,192,"female",29
261,1,0,194,"female",25
285,2,0,194,"female",25
309,3,0,194,"female",25
183,4,0,194,"female",25
27,5,0,194,"female",25
316,6,0,194,"female",25
296,1,0,195,"male",25
278,2,0,195,"male",25
357,3,0,195,"male",25
263,4,0,195,"male",25
309,5,0,195,"male",25
322,6,0,195,"male",25
310,1,0,196,"male",29
25,1,0,197,"female",30
310,1,0,198,"male",29
275,2,0,198,"male",29
294,1,0,199,"female",29
288,2,0,199,"female",29
127,1,0,200,"male",27
359,1,0,201,"female",27
315,1,0,202,"female",26
44,2,0,202,"female",26
355,1,0,204,"female",30
353,2,0,204,"female",30
335,1,0,205,"male",30
336,2,0,205,"male",30
303,1,0,206,"female",29
315,2,0,206,"female",29
279,3,0,206,"female",29
277,1,0,207,"male",28
328,2,0,207,"male",28
320,3,0,207,"male",28
82,4,0,207,NULL,28
275,5,0,207,"male",28
309,1,0,208,"male",30
294,2,0,208,"male",30
279,1,0,209,"male",30
178,2,0,209,"male",30
64,1,0,210,"male",30
337,2,0,210,NULL,30
296,1,0,211,"male",30
67,2,0,211,"male",30
338,1,0,212,NULL,31
109,1,0,213,"male",31
351,1,0,214,"female",31
183,1,0,215,"female",34
130,1,0,216,"male",34
72,1,0,218,"male",33
278,2,0,218,"male",33
320,1,0,219,"female",34
72,1,0,220,"male",33
320,2,0,220,"male",33
120,1,0,221,NULL,34
318,1,0,222,"male",34
278,1,0,223,"male",33
67,2,0,223,"male",33
73,1,0,224,"male",34
119,1,0,225,"female",34
370,1,0,226,"female",34
357,1,0,227,"male",33
178,2,0,227,"male",33
310,1,0,228,"male",33
68,2,0,228,"male",33
116,1,0,229,"male",34
318,1,0,231,"male",34
120,1,0,232,NULL,34
318,1,0,233,"male",31
278,2,0,233,"male",31
318,3,0,233,"male",31
183,1,0,234,"female",33
363,2,0,234,"female",33
130,1,0,235,"male",34
370,1,0,236,"female",33
370,2,0,236,"female",33
120,1,0,237,NULL,33
120,2,0,237,NULL,33
118,1,0,238,"female",34
277,1,0,239,"male",32
227,2,0,239,"male",32
310,1,0,240,"female",32
264,2,0,240,"female",32
320,1,0,241,"male",30
72,2,0,241,"male",31
319,3,0,241,"male",32
129,1,0,242,"male",15
129,2,0,242,"male",25
130,3,0,242,"male",35
318,1,0,243,"male",31
73,2,0,243,"male",34
120,1,0,244,NULL,33
120,2,0,244,NULL,33
67,1,0,245,"male",34
278,1,0,246,"female",26
120,2,0,246,NULL,34
275,1,0,247,"male",34
299,2,0,247,"male",34
44,1,0,248,"female",34
184,2,0,248,"female",34
72,1,0,249,"male",31
72,2,0,249,"male",31
320,3,0,249,"male",36
120,1,0,250,NULL,35
120,1,0,251,NULL,35
119,1,0,252,"female",35
73,1,0,253,"male",35
363,1,0,254,"male",33
319,2,0,254,"male",33
278,1,0,255,"male",26
120,2,0,255,NULL,34
278,1,0,256,"female",27
120,2,0,256,NULL,33
319,1,0,257,"male",34
170,1,0,258,"female",34
130,1,0,259,"male",34
118,1,0,260,"female",33
363,2,0,260,"female",33
73,1,0,261,"male",33
320,2,0,261,"male",33
363,1,0,262,"male",34
120,1,0,263,NULL,34
279,1,0,264,"male",34
119,1,0,265,"female",34
278,1,0,266,"male",33
73,2,0,266,"male",33
370,1,0,267,"female",34
319,1,0,269,"male",34
184,1,0,270,"female",34
129,1,0,271,"male",19
130,2,0,271,"male",21
130,3,0,271,"male",23
130,4,0,271,"male",26
130,5,0,271,"male",30
130,6,0,271,"male",35
297,1,0,272,"male",34
277,1,0,273,"male",33
286,2,0,273,"male",33
279,1,0,274,"female",33
323,2,0,274,"female",33
315,1,0,275,"female",33
308,2,0,275,"female",33
352,1,0,276,"male",33
294,2,0,276,"male",33
116,1,0,277,"female",33
117,2,0,277,"female",33
357,1,0,278,"male",34
170,1,0,279,"male",33
297,2,0,279,"male",33
340,1,0,280,"female",33
307,2,0,280,"female",33
75,1,0,281,"male",33
272,2,0,281,"male",33
119,1,0,282,"female",34
364,1,0,283,"male",34
370,1,0,284,"female",33
370,2,0,284,"female",33
130,1,0,285,"male",34
66,1,0,286,"male",32
67,2,0,286,"male",32
307,1,0,287,"female",33
297,2,0,287,"male",33
320,1,0,288,"male",34
371,1,0,289,"male",34
310,1,0,290,"female",34
177,1,0,291,"male",33
277,2,0,291,"male",33
67,1,0,292,"male",33
363,2,0,292,"male",33
74,1,0,293,"male",20
343,2,0,293,NULL,20
285,1,0,295,"female",19
43,2,0,295,"female",19
333,3,0,295,"female",19
285,1,0,296,"female",21
81,1,0,297,NULL,21
263,1,0,298,"male",20
276,2,0,298,"male",20
308,1,0,302,"male",39
297,2,0,302,"male",39
334,1,0,303,"male",37
334,2,0,303,"male",37
322,1,0,305,"female",21
285,1,0,306,"female",21
307,1,0,307,"female",21
296,2,0,307,"male",21
74,1,0,308,"male",21
183,1,0,309,"female",21
111,1,0,310,"male",31
325,1,0,311,"female",31
297,1,0,312,"male",31
202,1,0,314,"female",26
177,2,0,314,"female",26
64,3,0,314,"male",26
300,1,0,315,"female",26
261,2,0,315,"female",26
263,3,0,315,"female",26
270,4,0,315,"female",26
273,5,0,315,"female",26
276,6,0,315,"female",26
280,1,0,316,"male",26
280,2,0,316,"male",26
281,3,0,316,"male",26
353,1,0,317,"female",32
297,1,0,318,"male",32
302,1,0,319,"female",32
202,1,0,320,"male",32
265,1,0,322,"male",3
265,2,0,322,"male",3
265,3,0,322,"male",3
265,4,0,322,"male",3
290,1,0,323,"male",6
290,2,0,323,"male",6
74,1,0,326,"male",16
74,2,0,326,"male",16
66,3,0,326,"male",16
184,1,0,328,"male",45
310,1,0,329,"male",44
310,2,0,329,"male",44
300,1,0,330,"female",22
300,2,0,330,"female",36
300,3,0,330,"female",40
300,4,0,330,"female",12
300,5,0,330,"female",30
301,6,0,330,"female",42
315,1,0,331,"female",45
335,1,0,332,"male",45
73,1,0,333,"male",44
67,2,0,333,"male",44
66,1,0,334,"male",43
279,2,0,334,"male",43
67,3,0,334,"male",43
63,1,0,337,"male",16
81,1,0,338,NULL,16
81,1,0,339,NULL,14
81,2,0,339,NULL,14
81,1,0,340,NULL,16
81,1,0,341,NULL,14
81,2,0,341,NULL,14
100,3,0,341,NULL,6
100,1,0,342,NULL,6
100,2,0,342,NULL,6
81,3,0,342,NULL,14
263,1,0,344,"male",NULL
285,2,0,344,"female",NULL
27,3,0,344,"male",NULL
278,1,0,345,NULL,NULL
322,2,0,345,"male",NULL
283,3,0,345,"female",NULL
309,1,0,346,"female",NULL
341,2,0,346,"male",NULL
343,3,0,346,NULL,NULL
363,1,0,347,"male",NULL
325,2,0,347,"female",NULL
261,3,0,347,"male",NULL
317,1,0,348,"male",NULL
269,2,0,348,"female",NULL
369,3,0,348,"male",NULL
332,1,0,349,"male",NULL
277,2,0,349,"male",NULL
340,3,0,349,"female",NULL
301,1,0,350,"female",NULL
315,2,0,350,"female",NULL
267,3,0,350,"female",NULL
303,1,0,351,"female",NULL
319,2,0,351,"male",NULL
354,3,0,351,"male",NULL
136,1,0,352,"male",NULL
82,2,0,352,NULL,NULL
127,3,0,352,"male",NULL
200,1,0,353,"female",NULL
338,2,0,353,NULL,NULL
344,3,0,353,NULL,NULL
307,1,0,354,"male",NULL
214,2,0,354,"male",NULL
237,3,0,354,"male",NULL
122,1,0,355,"male",NULL
311,2,0,355,"female",NULL
175,3,0,355,"male",NULL
134,1,0,356,"male",NULL
85,2,0,356,"male",NULL
139,3,0,356,"female",NULL
31,1,0,357,"female",NULL
38,2,0,357,"male",NULL
6,3,0,357,"male",NULL
65,1,0,358,"male",NULL
242,2,0,358,"female",NULL
326,3,0,358,"male",NULL
357,1,0,359,"male",NULL
182,2,0,359,"female",NULL
154,3,0,359,"male",NULL
225,1,0,360,"male",NULL
35,2,0,360,"female",NULL
25,3,0,360,"female",NULL
222,1,0,361,"female",NULL
366,2,0,361,"female",NULL
121,3,0,361,NULL,NULL
39,1,0,362,"female",NULL
124,2,0,362,"female",NULL
295,3,0,362,"male",NULL
314,1,0,363,"female",NULL
363,2,0,363,"female",NULL
288,3,0,363,"male",NULL
194,1,0,364,"male",NULL
60,2,0,364,"female",NULL
54,3,0,364,"female",NULL
343,1,0,365,NULL,NULL
204,2,0,365,"female",NULL
100,3,0,365,NULL,NULL
201K,1,0,366,NULL,NULL
201R,2,0,366,NULL,NULL
201G,3,0,366,NULL,NULL
201O,1,0,367,NULL,NULL
201L,2,0,367,NULL,NULL
201N,3,0,367,NULL,NULL
219,1,0,368,"male",NULL
78,2,0,368,"female",NULL
146,3,0,368,NULL,NULL
192,1,0,369,"female",NULL
114,2,0,369,"male",NULL
3,3,0,369,"male",NULL
235,1,0,370,"male",NULL
235,2,0,370,"male",NULL
235,3,0,370,"female",NULL
104,1,0,371,"female",NULL
15,2,0,371,"male",NULL
20,3,0,371,"female",NULL
5,1,0,372,"male",NULL
8,2,0,372,"female",NULL
2,3,0,372,"female",NULL
173,1,0,373,"female",NULL
360,2,0,373,"male",NULL
240,3,0,373,"female",NULL
185,1,0,374,"male",NULL
199,2,0,374,"male",NULL
244,3,0,374,NULL,NULL
229,1,0,375,"female",NULL
234,2,0,375,"female",NULL
144,3,0,375,NULL,NULL
143,1,0,376,"male",NULL
241,2,0,376,"female",NULL
217,3,0,376,"male",NULL
94,1,0,377,"female",NULL
282,2,0,377,"female",NULL
65,3,0,377,"female",NULL
277,1,0,378,"female",NULL
68,2,0,378,"female",NULL
217,3,0,378,"female",NULL
356,1,0,379,"male",NULL
38,2,0,379,"male",NULL
354,3,0,379,"male",NULL
202,1,0,380,"male",NULL
295,2,0,380,"male",NULL
169,3,0,380,"female",NULL
87,1,0,381,"female",NULL
186,2,0,381,"female",NULL
105,3,0,381,"female",NULL
205,1,0,382,"female",NULL
101,2,0,382,NULL,NULL
103,3,0,382,"male",NULL
94,1,0,383,"female",NULL
356,2,0,383,"female",NULL
200,3,0,383,"male",NULL
43,1,0,384,"female",16
300,1,0,385,"female",14
285,2,0,385,"female",14
183,3,0,385,"female",14
263,1,0,386,"male",14
263,2,0,386,"male",16
280,1,0,387,"male",17
322,1,0,388,"male",15
43,2,0,388,"male",15
278,3,0,388,"male",15
285,1,0,389,"female",16
267,2,0,389,"female",16
352,1,0,390,"male",24
300,1,0,391,"female",23
333,2,0,391,"female",23
74,1,0,392,"male",22
299,2,0,392,"male",22
75,3,0,392,"male",22
296,1,0,393,"male",26
67,2,0,393,"male",26
307,1,0,394,"female",27
286,1,0,395,"female",27
333,1,0,396,"female",38
315,2,0,396,"female",38
332,1,0,397,"male",39
277,1,0,398,"male",36
279,2,0,398,"male",36
178,3,0,398,"male",36
64,1,0,399,"male",41
338,2,0,399,NULL,41
354,1,0,400,"female",41
337,2,0,400,NULL,41
358,1,0,401,"female",41
202,1,0,402,"male",41
281,1,0,403,"female",41
178,2,0,403,"female",41
354,1,0,404,"male",41
64,2,0,404,"male",41
305,1,0,405,"female",45
310,2,0,405,"female",45
302,1,0,406,"male",44
308,2,0,406,"male",44
319,3,0,406,"male",44
303,1,0,407,"male",46
121,2,0,407,NULL,46
82,1,0,408,NULL,43
89,2,0,408,"male",43
315,1,0,409,"female",45
344,1,0,410,NULL,45
277,1,0,411,"male",42
303,2,0,411,"male",42
64,3,0,411,"male",42
28,1,0,412,"female",42
38,2,0,412,"female",42
357,3,0,412,"female",42
352,1,0,413,"male",42
75,2,0,413,"male",42
321,3,0,413,"male",42
344,1,0,414,NULL,43
171,2,0,414,"female",43
308,1,0,415,"male",43
344,2,0,415,NULL,43
227,1,0,416,"female",43
302,2,0,416,"female",43
85,1,0,417,"male",42
64,2,0,417,"male",42
101,3,0,417,NULL,42
275,4,0,417,"male",42
324,1,0,418,"female",42
308,2,0,418,"female",42
272,3,0,418,"female",42
337,1,0,419,NULL,43
338,2,0,419,NULL,43
302,1,0,420,"female",43
359,2,0,420,"female",43
332,1,0,421,"male",43
279,2,0,421,"male",43
282,1,0,422,"female",43
289,2,0,422,"female",43
289,1,0,423,"male",43
356,2,0,423,"male",43
262,1,0,8,"male",46
275,2,0,8,"male",48
332,3,0,8,"male",46
342,4,0,8,"male",48
359,5,0,8,"male",49
356,1,0,9,"female",48
354,2,0,9,"female",49
302,3,0,9,"female",50
354,4,0,9,"female",49
356,5,0,9,"female",51
364,1,0,10,"female",50
362,2,0,10,"female",50
364,3,0,10,"female",52
362,4,0,10,"female",52
365,5,0,10,"female",53
372,1,0,11,"male",52
334,2,0,11,"male",54
230,3,0,11,"male",53
330,4,0,11,"male",53
373,5,0,11,"male",55
321,1,0,12,"male",57
73,2,0,12,"male",55
272,3,0,12,"male",56
340,4,0,12,"male",56
130,5,0,12,"male",56
350,6,0,12,"male",58
255,1,0,17,"male",5
255,1,0,18,"male",5
258,1,1,17,"male",5
258,1,1,18,"male",5
252,1,2,17,"male",5
252,1,2,18,"male",5
270,1,3,17,"male",13
255,2,3,17,"male",15
270,1,3,18,"female",13
255,2,3,18,"male",15
270,1,4,17,"male",13
258,2,4,17,"male",15
270,1,4,18,"female",13
258,2,4,18,"male",15
270,1,5,17,"male",13
252,2,5,17,"male",15
270,1,5,18,"female",13
252,2,5,18,"male",15
278,1,6,17,"male",18
271,2,6,17,"male",18
256,3,6,17,"male",20
278,1,6,18,"female",18
271,2,6,18,"female",18
256,3,6,18,"male",20
271,1,7,17,"male",18
218,2,7,17,"male",18
259,3,7,17,"male",20
271,1,7,18,"female",18
218,2,7,18,"female",18
259,3,7,18,"male",20
218,1,8,17,"male",18
278,2,8,17,"male",18
253,3,8,17,"male",20
218,1,8,18,"female",18
278,2,8,18,"female",18
253,3,8,18,"male",20
276,1,0,74,"male",16
263,2,0,74,"male",16
315,1,0,75,"female",17
183,1,0,76,"female",15
285,2,0,76,"female",15
322,3,0,76,"female",15
307,1,0,77,"female",18
279,1,9,17,"male",29
271,2,9,17,"male",29
256,3,9,17,"male",31
279,1,9,18,"female",29
271,2,9,18,"female",29
256,3,9,18,"male",31
271,1,10,17,"male",29
218,2,10,17,"male",29
259,3,10,17,"male",31
271,1,10,18,"female",29
218,2,10,18,"female",29
259,3,10,18,"male",31
218,1,11,17,"male",29
279,2,11,17,"male",29
253,3,11,17,"male",31
218,1,11,18,"female",29
279,2,11,18,"female",29
253,3,11,18,"male",31
357,1,12,17,"male",31
279,2,12,17,"male",32
272,3,12,17,"male",32
256,4,12,17,"male",34
357,1,12,18,"female",31
279,2,12,18,"female",32
272,3,12,18,"female",32
256,4,12,18,"male",34
357,1,12,17,"male",31
272,2,12,17,"male",32
218,3,12,17,"male",32
259,4,12,17,"male",34
357,1,12,18,"female",31
272,2,12,18,"female",32
218,3,12,18,"female",32
259,4,12,18,"male",34
357,1,12,17,"male",31
218,2,12,17,"male",32
279,3,12,17,"male",32
253,4,12,17,"male",34
357,1,12,18,"female",31
218,2,12,18,"female",32
279,3,12,18,"female",32
253,4,12,18,"male",34
322,1,0,299,"male",26
262,2,0,299,"male",28
41,3,0,299,"male",30
262,1,0,300,"male",37
169,2,0,300,"male",38
323,3,0,300,"male",39
280,1,0,301,"male",16
227,1,0,304,"male",77
344,2,0,304,NULL,75
306,3,0,304,"male",76
346,4,0,304,"male",76
348,5,0,304,"male",76
376,6,0,304,NULL,78
375,1,1,304,NULL,42
227,2,1,304,"female",43
306,3,1,304,"female",44
323,1,1,299,"male",36
262,2,1,299,"male",38
42,3,1,299,"male",40
262,1,1,300,"male",42
169,2,1,300,"male",43
323,3,1,300,"male",44
322,1,2,299,"male",18
261,2,2,299,"male",20
322,3,2,299,"male",22
41,4,2,299,"male",22
262,1,2,300,"male",24
41,2,2,300,"male",24
323,3,2,300,"male",25
270,1,13,17,"male",13
255,2,13,17,"male",15
270,1,13,18,"female",13
255,2,13,18,"male",15
218,1,13,17,"male",13
258,2,13,17,"male",15
218,1,13,18,"female",13
258,2,13,18,"male",15
278,1,13,17,"male",13
252,2,13,17,"male",15
278,1,13,18,"female",13
252,2,13,18,"male",15
319,1,0,335,"female",37
262,2,0,335,"female",37
262,1,0,336,"male",41
169,2,0,336,"male",41
319,3,0,336,"male",43
262,1,0,343,"male",34
42,2,0,343,"male",34
334,1,1,301,"male",44
301,2,1,301,"female",43
315,3,1,301,"male",44
82,4,1,301,NULL,41
282,5,1,301,"male",45
334,1,2,301,"male",47
301,2,2,301,"female",46
315,3,2,301,"male",47
82,4,2,301,NULL,44
282,5,2,301,"male",48
334,1,3,301,"male",50
301,2,3,301,"female",49
315,3,3,301,"male",50
82,4,3,301,NULL,47
282,5,3,301,"male",51
334,1,4,301,"male",53
301,2,4,301,"female",52
315,3,4,301,"male",53
82,4,4,301,NULL,50
282,5,4,301,"male",54
334,1,5,301,"male",56
301,2,5,301,"female",53
315,3,5,301,"male",56
82,4,5,301,NULL,53
282,5,5,301,"male",57
318,1,1,335,"female",28
262,2,1,335,"female",28
74,1,0,424,"male",10
74,1,0,425,"male",8
74,2,0,425,"male",8
74,1,0,426,"male",8
74,1,0,426,"male",8
74,1,0,427,"female",12
74,2,0,427,"female",12
299,3,0,427,"female",15
76,1,1,427,"male",32
140,2,1,427,"male",35
95,3,1,427,"male",35
299,4,1,427,"male",37
138,1,2,427,"male",37
76,2,2,427,"male",37
141,3,2,427,"male",40
95,4,2,427,"male",40
299,5,2,427,"male",42
139,1,3,427,"male",42
76,2,3,427,"male",42
141,3,3,427,"male",45
95,4,3,427,"male",45
299,5,3,427,"male",47
142,1,4,427,"male",47
76,2,4,427,"male",47
139,3,4,427,"male",47
141,4,4,427,"male",50
208,5,4,427,"male",50
299,6,4,427,"male",52
307,1,0,428,"female",13
307,1,0,429,"female",13
66,1,0,430,"male",13
66,1,0,431,"male",13
296,1,0,432,"male",13
307,1,0,433,"female",13
66,1,0,434,"male",16
307,2,0,434,"male",16
296,3,0,434,"male",19
68,1,1,434,"male",33
307,2,1,434,"male",33
237,3,1,434,"male",35
297,4,1,434,"male",37
68,1,2,434,"male",38
308,2,2,434,"male",38
237,3,2,434,"male",40
297,4,2,434,"male",42
107,1,3,434,"male",40
68,2,3,434,"male",43
308,3,3,434,"male",43
237,4,3,434,"male",45
297,5,3,434,"male",47
106,1,4,434,"male",46
107,2,4,434,"male",46
68,3,4,434,"male",48
308,4,4,434,"male",48
237,5,4,434,"male",50
297,6,4,434,"male",52
307,1,0,435,"female",17
307,2,0,435,"female",17
309,1,0,436,"male",17
100,2,0,436,NULL,17
263,1,0,437,"male",17
316,2,0,437,"male",17
314,1,0,438,"female",17
323,2,0,438,"male",17
100,1,0,439,NULL,17
81,2,0,439,NULL,17
100,1,0,440,NULL,20
309,2,0,440,"male",20
82,3,0,440,NULL,22
310,4,0,440,"male",24
179,1,1,440,"male",36
101,2,1,440,NULL,36
82,3,1,440,NULL,38
310,4,1,440,"male",40
25,1,2,440,"male",39
180,2,2,440,"male",41
101,3,2,440,NULL,41
82,4,2,440,NULL,43
310,5,2,440,"male",45
26,1,3,440,"male",44
181,2,3,440,"male",46
101,3,3,440,NULL,46
82,4,3,440,NULL,48
310,5,3,440,"male",50
125,1,4,440,"male",50
26,2,4,440,"male",51
181,3,4,440,"male",51
101,4,4,440,NULL,53
82,5,4,440,NULL,53
310,6,4,440,"male",55
218,1,0,441,"male",22
218,2,0,441,"male",22
218,1,0,442,"male",23
322,1,0,443,"male",23
322,1,0,444,"male",23
352,1,0,445,"male",23
322,1,0,446,"male",23
218,1,0,447,"male",23
307,1,0,448,"female",23
322,1,0,449,"female",24
218,2,0,449,"female",24
323,3,0,449,"female",26
324,4,0,449,"female",29
219,1,1,449,"male",38
77,2,1,449,"male",36
323,3,1,449,"male",38
324,4,1,449,"male",40
58,1,2,449,"male",41
219,2,2,449,"male",43
77,3,2,449,"male",41
323,4,2,449,"male",43
324,5,2,449,"male",45
228,1,3,449,"male",46
58,2,3,449,"male",46
219,3,3,449,"male",48
78,4,3,449,"male",46
323,5,3,449,"male",48
324,6,3,449,"male",50
59,1,4,449,"male",51
219,2,4,449,"male",53
229,3,4,449,"male",51
78,4,4,449,"male",51
323,5,4,449,"male",53
324,6,4,449,"male",55
277,1,0,450,"male",26
301,1,0,451,"female",26
327,1,0,452,"male",26
40,1,0,453,"female",26
287,1,0,454,"male",26
335,1,0,455,"female",26
288,1,0,456,"male",26
327,1,0,457,"male",27
288,2,0,457,"male",27
264,3,0,457,"male",29
289,4,0,457,"male",31
113,1,1,457,"female",42
289,2,1,457,"male",42
327,3,1,457,"male",43
289,4,1,457,"male",45
289,1,2,457,"male",47
113,2,2,457,"female",47
115,3,2,457,"female",45
327,4,2,457,"male",48
289,5,2,457,"male",50
289,1,3,457,"male",52
242,2,3,457,"female",52
115,3,3,457,"female",50
327,4,3,457,"male",53
289,5,3,457,"male",55
289,1,4,457,"male",57
242,2,4,457,"female",57
115,3,4,457,"female",55
128,4,4,457,"male",57
327,5,4,457,"male",58
289,6,4,457,"male",60
227,1,0,458,"male",30
84,1,0,459,"male",27
227,2,0,459,"male",27
357,3,0,459,"male",27
333,1,0,460,"female",27
333,2,0,460,"female",27
333,3,0,460,"female",27
277,1,0,461,"male",29
178,2,0,461,"male",29
84,1,0,462,"male",29
279,2,0,462,"male",29
357,1,0,463,"male",30
333,1,0,464,"female",29
357,2,0,464,"female",29
279,3,0,464,"female",30
227,4,0,464,"female",31
334,5,0,464,"female",33
147,1,1,464,"male",40
357,2,1,464,"male",38
279,3,1,464,"male",41
227,4,1,464,"male",43
334,5,1,464,"male",45
163,1,2,464,"male",43
357,2,2,464,"male",43
148,3,2,464,"male",45
279,4,2,464,"male",46
227,5,2,464,"male",48
334,6,2,464,"male",50
164,1,3,464,"male",48
357,2,3,464,"male",49
148,3,3,464,"male",50
279,4,3,464,"male",51
227,5,3,464,"male",53
334,6,3,464,"male",55
164,1,4,464,"male",53
357,2,4,464,"male",54
279,3,4,464,"male",55
149,4,4,464,"male",55
227,5,4,464,"male",58
334,6,4,464,"male",60
281,1,0,465,"male",36
64,1,0,466,"male",36
178,1,0,467,"female",36
203,1,0,468,"male",36
177,1,0,469,"female",36
203,1,0,470,"male",36
64,1,0,471,"male",36
202,1,0,472,"male",36
325,1,0,473,"male",36
280,1,0,474,"male",36
307,1,0,475,"female",36
281,1,0,476,"female",36
344,1,0,477,NULL,41
178,2,0,477,"male",41
337,3,0,477,NULL,42
338,4,0,477,NULL,42
79,1,1,477,"male",48
344,2,1,477,NULL,49
178,3,1,477,"male",49
337,4,1,477,NULL,50
338,5,1,477,NULL,50
96,1,2,477,"male",53
79,2,2,477,"male",53
344,3,2,477,NULL,54
178,4,2,477,"male",54
337,5,2,477,NULL,55
338,6,2,477,NULL,55
97,1,3,477,"male",58
344,2,3,477,NULL,59
79,3,3,477,"male",58
178,4,3,477,"male",59
337,5,3,477,NULL,60
338,6,3,477,NULL,60
97,1,4,477,"male",63
344,2,4,477,NULL,64
199,3,4,477,"male",63
178,4,4,477,"male",64
337,5,4,477,NULL,65
338,6,4,477,NULL,65
118,1,0,478,"female",40
370,1,0,479,"female",40
370,1,0,480,"female",39
370,2,0,480,"female",39
349,1,0,481,"female",39
349,2,0,481,"female",39
318,1,0,482,"female",39
319,2,0,482,"female",39
118,1,0,483,"female",39
320,2,0,483,"female",39
298,1,0,484,"female",35
183,2,0,484,"female",37
184,3,0,484,"female",39
366,1,0,485,"female",35
341,2,0,485,"female",37
271,3,0,485,"female",39
119,1,0,486,"female",40
184,1,0,487,"female",40
370,1,0,488,"female",41
340,2,0,488,"male",41
364,3,0,488,"male",43
342,4,0,488,"male",43
230,5,0,488,"male",46
60,1,1,488,"male",46
340,2,1,488,"male",46
365,3,1,488,"male",48
342,4,1,488,"male",48
230,5,1,488,"male",51
61,1,2,488,"male",50
340,2,2,488,"male",51
365,3,2,488,"male",53
342,4,2,488,"male",53
230,5,2,488,"male",56
131,1,3,488,"male",56
340,2,3,488,"male",58
61,3,3,488,"male",56
365,4,3,488,"male",58
342,5,3,488,"male",58
230,6,3,488,"male",61
131,1,4,488,"male",61
340,2,4,488,"male",63
186,3,4,488,"male",61
365,4,4,488,"male",63
342,5,4,488,"male",63
230,6,4,488,"male",66
320,1,1,1,"female",34
116,2,1,1,"female",34
370,1,2,1,"female",36
320,2,2,1,"female",36
117,3,2,1,"female",36
370,1,3,1,"female",38
320,2,3,1,"female",38
117,3,3,1,"female",38
370,1,4,1,"female",40
321,2,4,1,"female",40
230,3,4,1,"female",40
313,1,1,7,"female",30
314,2,1,7,"female",30
313,1,2,7,"female",33
314,2,2,7,"female",33
313,1,3,7,"female",36
314,2,3,7,"female",36
313,1,4,7,"female",39
314,2,4,7,"female",39
262,1,1,13,"male",27
277,1,2,13,"male",28
262,2,2,13,"male",30
277,1,3,13,"male",31
264,2,3,13,"male",29
262,3,3,13,"male",33
277,1,4,13,"male",34
264,2,4,13,"male",32
262,3,4,13,"male",36
311,1,1,22,"male",27
312,2,1,22,"male",27
311,1,2,22,"male",30
312,2,2,22,"male",30
311,1,3,22,"male",33
312,2,3,22,"male",33
311,1,4,22,"male",36
312,2,4,22,"male",36
300,1,1,23,"female",29
300,1,2,23,"female",32
301,1,3,23,"female",35
301,1,4,23,"female",38
264,1,1,491,"female",27
264,1,2,491,"female",30
264,1,3,491,"female",33
264,1,4,491,"female",36
264,1,1,492,"male",27
264,1,2,492,"male",30
264,1,3,492,"male",33
264,1,4,492,"male",36
271,1,1,493,"female",26
285,2,1,493,"female",26
271,1,2,493,"female",29
286,2,2,493,"female",29
271,1,3,493,"female",32
286,2,3,493,"female",32
277,1,4,493,"female",34
271,2,4,493,"female",34
286,3,4,493,"female",34
27,1,1,31,"male",31
27,2,1,31,"male",31
299,1,2,31,"male",33
27,2,2,31,"male",33
299,1,3,31,"male",35
27,2,3,31,"male",35
299,1,4,31,"male",37
28,2,4,31,"male",37
28,3,4,31,"male",37
72,1,1,35,"male",24
130,2,1,35,"male",27
130,3,1,35,"male",27
130,1,2,35,"male",29
318,2,2,35,"male",26
72,3,2,35,"male",26
130,4,2,35,"male",29
130,1,3,35,"male",31
318,2,3,35,"male",30
73,3,3,35,"male",30
130,4,3,35,"male",31
130,1,4,35,"male",33
319,2,4,35,"male",33
130,3,4,35,"male",33
73,4,4,34,"male",35
319,1,1,39,"male",30
319,1,2,39,"male",33
120,1,3,39,NULL,34
319,2,3,39,"male",36
121,1,4,39,NULL,37
319,2,3,39,"male",39
278,1,1,48,"male",30
66,2,1,48,"male",30
72,3,1,48,"male",30
279,1,2,48,"male",32
66,2,2,48,"male",32
72,3,2,48,"male",32
279,1,3,48,"male",34
66,2,3,48,"male",34
73,3,3,48,"male",34
279,1,4,48,"male",36
67,2,4,48,"male",36
73,3,4,48,"male",36
264,1,1,53,"male",27
264,1,2,53,"male",30
264,1,3,53,"male",33
264,1,4,53,"male",36
183,1,1,54,"female",26
183,2,1,54,"female",26
183,1,2,54,"female",29
183,2,2,54,"female",29
183,1,3,54,"female",32
183,2,3,54,"female",32
184,1,4,54,"female",35
184,2,4,54,"female",35
311,1,1,66,"female",26
312,2,1,66,"female",26
311,1,2,66,"female",29
312,2,2,66,"female",29
311,1,3,66,"female",32
312,2,3,66,"female",32
311,1,4,66,"female",35
312,2,4,66,"female",35
271,1,1,69,"male",26
274,2,1,69,"male",26
271,1,2,69,"male",29
274,2,2,69,"male",29
271,1,3,69,"male",32
274,2,3,69,"male",32
272,1,4,69,"male",35
275,2,4,69,"male",35
28,1,1,89,"male",27
28,1,2,89,"male",30
28,1,3,89,"male",30
28,1,4,89,"male",33
309,1,1,93,"male",26
320,2,1,93,"male",26
296,3,1,93,"male",26
310,1,2,93,"male",29
320,2,2,93,"male",29
296,3,2,93,"male",29
310,1,3,93,"male",32
320,2,3,93,"male",32
296,3,3,93,"male",32
310,1,4,93,"male",35
320,2,4,93,"male",35
297,3,4,93,"male",35
278,1,1,94,"female",26
322,2,1,94,"female",26
315,3,1,94,"female",26
279,1,2,94,"female",29
322,2,2,94,"female",29
315,3,2,94,"female",29
279,1,3,94,"female",32
322,2,3,94,"female",32
315,3,3,94,"female",32
279,1,4,94,"female",34
323,2,4,94,"female",34
315,3,4,94,"female",34
74,1,1,98,"male",24
74,2,1,98,"male",24
74,3,1,98,"male",24
74,1,2,98,"male",27
74,2,2,98,"male",27
75,3,2,98,"male",27
74,1,3,98,"male",30
75,2,3,98,"male",30
75,3,3,98,"male",30
75,1,4,98,"male",33
75,2,4,98,"male",33
75,3,4,98,"male",33
76,4,4,98,"male",33
322,1,1,106,"female",29
322,1,2,106,"female",32
315,1,3,106,"female",34
322,2,3,106,"female",34
315,1,4,106,"female",37
323,2,4,106,"female",37
109,1,1,108,"male",24
109,2,1,108,"male",24
109,3,1,108,"male",24
109,4,1,108,"male",24
109,1,2,108,"male",27
109,2,2,108,"male",27
109,3,2,108,"male",27
109,4,2,108,"male",27
109,1,3,108,"male",30
109,2,3,108,"male",30
109,3,3,108,"male",30
109,4,3,108,"male",30
109,1,4,108,"male",33
109,2,4,108,"male",33
109,3,4,108,"male",33
110,4,4,108,"male",35
305,1,1,119,"male",27
305,1,2,119,"male",29
111,2,2,119,"male",29
305,1,3,119,"male",32
111,2,3,119,"male",32
306,1,3,119,"male",35
112,2,3,119,"male",35
218,1,1,120,"male",26
278,2,1,120,"male",26
218,1,2,120,"male",29
279,2,2,120,"male",29
218,1,3,120,"male",32
279,2,3,120,"male",32
219,1,4,120,"male",35
279,2,4,120,"male",35
67,1,1,124,"male",27
66,1,2,124,"male",29
67,2,2,124,"male",29
66,1,3,124,"male",31
67,2,3,124,"male",31
67,3,3,124,"male",31
66,1,4,124,"male",33
67,2,4,124,"male",33
67,3,4,124,"male",33
67,3,4,124,"male",33
307,1,1,127,"female",26
296,2,1,127,"male",26
307,1,2,127,"female",29
296,2,2,127,"male",29
308,1,3,127,"female",32
297,2,3,127,"male",32
308,1,4,127,"female",35
297,2,4,127,"male",35
297,1,1,129,"male",33
297,1,2,129,"male",36
297,1,3,129,"male",39
297,1,4,129,"male",42
285,1,1,136,"female",26
293,2,1,136,"female",26
285,1,2,136,"female",29
294,2,2,136,"female",29
286,1,3,136,"female",32
294,2,3,136,"female",32
286,1,4,136,"female",35
295,2,4,136,"female",35
280,1,1,142,"male",26
307,2,1,142,"male",26
281,1,2,142,"male",29
307,2,2,142,"male",29
281,1,3,142,"male",32
308,2,3,142,"male",32
281,1,4,142,"male",34
354,2,4,142,"male",34
308,3,4,142,"male",32
84,1,1,144,"male",28
84,1,2,144,"male",31
85,1,3,144,"male",34
85,1,4,144,"male",37
263,1,1,145,"male",28
296,2,1,145,"male",30
263,1,2,145,"male",31
296,2,2,145,"male",33
264,1,3,145,"male",34
296,2,3,145,"male",36
264,1,4,145,"male",36
297,2,4,145,"male",38
294,1,1,146,"male",22
264,2,1,146,"male",22
304,3,1,146,"male",22
262,4,1,146,"male",22
277,5,1,146,"male",22
296,6,1,146,"male",22
294,1,2,146,"male",25
264,2,2,146,"male",25
304,3,2,146,"male",25
262,4,2,146,"male",25
277,5,2,146,"male",25
297,6,2,146,"male",25
294,1,3,146,"male",28
264,2,3,146,"male",28
304,3,3,146,"male",28
262,4,3,146,"male",28
277,5,3,146,"male",28
297,6,3,146,"male",28
294,1,4,146,"male",31
264,2,4,146,"male",31
305,3,4,146,"male",31
262,4,4,146,"male",31
277,5,4,146,"male",31
297,6,4,146,"male",31
84,1,1,147,"female",28
84,1,2,147,"female",31
85,1,3,147,"female",34
85,1,4,147,"female",37
278,1,1,152,"female",22
285,2,1,152,"female",22
183,3,1,152,"female",22
315,4,1,152,"female",22
300,5,1,152,"female",22
118,6,1,152,"female",22
279,1,2,152,"female",25
286,2,2,152,"female",25
183,3,2,152,"female",25
315,4,2,152,"female",25
301,5,2,152,"female",25
118,6,2,152,"female",25
279,1,3,152,"female",28
286,2,3,152,"female",28
183,3,3,152,"female",28
315,4,3,152,"female",28
301,5,3,152,"female",28
118,6,3,152,"female",28
279,1,4,152,"female",31
286,2,4,152,"female",31
184,3,4,152,"female",31
315,4,4,152,"female",31
301,5,4,152,"female",31
119,6,4,152,"female",31
285,1,1,153,"female",26
315,2,1,153,"female",26
285,1,2,153,"female",28
44,2,2,153,"female",28
315,3,2,153,"female",28
285,1,3,153,"female",31
44,2,3,153,"female",31
315,3,3,153,"female",31
286,1,4,153,"female",34
44,2,4,153,"female",34
315,3,4,153,"female",34
81,1,1,156,NULL,25
293,2,1,156,"male",25
81,3,1,156,NULL,25
81,1,2,156,NULL,28
294,2,2,156,"male",28
81,3,2,156,NULL,28
82,1,3,156,NULL,31
294,2,3,156,"male",31
82,3,3,156,NULL,31
82,1,4,156,NULL,34
295,2,4,156,"male",34
82,3,4,156,NULL,34
44,1,1,167,"female",30
315,2,1,167,"female",30
44,1,2,167,"female",33
315,2,2,167,"female",33
44,1,3,167,"female",36
315,2,3,167,"female",36
182,1,4,167,"female",39
315,2,4,167,"female",39
286,1,1,168,"male",31
286,1,2,168,"male",34
286,1,3,168,"male",37
352,1,4,168,"male",39
286,2,4,168,"male",39
177,1,1,178,"male",32
333,2,1,178,"male",32
177,1,2,178,"male",35
334,2,2,178,"male",35
177,1,3,178,"male",38
334,2,3,178,"male",38
334,1,4,178,"male",41
178,2,4,178,"male",41
283,1,1,187,"male",31
283,2,1,187,"male",31
283,3,1,187,"male",31
283,1,2,187,"male",34
283,2,2,187,"male",34
284,3,2,187,"male",34
283,1,3,187,"male",36
265,2,3,187,"male",36
283,3,3,187,"male",36
284,4,3,187,"male",36
283,1,4,187,"male",38
269,2,4,187,"male",38
283,3,4,187,"male",38
284,4,4,187,"male",38
267,5,4,187,"male",38
352,1,1,192,"female",35
336,2,1,192,"female",35
352,1,2,192,"female",38
336,2,2,192,"female",38
352,1,3,192,"female",41
336,2,3,192,"female",41
352,1,4,192,"female",44
336,2,4,192,"female",44
310,1,1,196,"male",34
264,1,2,196,"male",36
310,2,2,196,"male",36
264,1,3,196,"male",39
310,2,3,196,"male",39
264,1,4,196,"male",41
55,2,4,196,"male",41
310,3,4,196,"male",41
294,1,1,199,"female",35
288,2,1,199,"female",35
327,1,2,199,"female",37
294,2,2,199,"female",37
288,3,2,199,"female",37
327,1,3,199,"female",39
294,2,3,199,"female",39
288,3,3,199,"female",39
327,1,4,199,"female",41
295,2,4,199,"female",41
289,3,4,199,"female",41
309,1,1,208,"male",35
309,2,1,208,"male",35
294,3,1,208,"male",35
309,1,2,208,"male",37
310,2,2,208,"male",37
294,3,2,208,"male",37
310,1,3,208,"male",39
310,2,3,208,"male",39
294,3,3,208,"male",39
310,1,4,208,"male",41
310,2,4,208,"male",41
295,3,4,208,"male",41
64,1,1,210,"male",34
337,2,1,210,NULL,34
64,1,2,210,"male",37
337,2,2,210,NULL,37
64,1,3,210,"male",40
337,2,3,210,NULL,40
337,1,4,210,NULL,43
65,2,4,210,"male",43
64,1,1,212,"male",33
338,2,1,212,NULL,33
64,1,2,212,"male",38
338,2,2,212,NULL,38
64,1,3,212,"male",41
338,2,3,212,NULL,41
338,1,4,212,NULL,45
65,2,4,212,"male",45
170,1,1,217,"male",42
318,2,1,217,"male",40
171,1,2,217,"male",45
318,2,2,217,"male",43
171,1,3,217,"male",48
319,2,3,217,"male",51
171,1,4,217,"male",46
319,2,4,217,"male",49
320,1,1,219,"female",38
320,1,2,219,"female",41
344,1,3,219,NULL,43
320,2,3,219,"female",43
370,1,4,219,"female",45
320,2,4,219,"female",45
121,3,4,219,NULL,45
278,1,1,223,"male",36
72,2,1,223,"male",36
67,3,1,223,"male",36
279,1,2,223,"male",39
72,2,2,223,"male",39
67,3,2,223,"male",39
279,1,3,223,"male",42
72,2,3,223,"male",42
67,3,3,223,"male",42
279,1,4,223,"male",45
67,2,4,223,"male",45
73,3,4,223,"male",45
120,1,1,237,NULL,37
120,2,1,237,NULL,37
278,1,2,237,NULL,39
120,2,2,237,NULL,39
120,3,2,237,NULL,39
279,1,3,237,NULL,41
120,2,3,237,NULL,41
120,3,3,237,NULL,41
279,1,4,237,NULL,43
121,2,4,237,NULL,43
121,3,4,237,NULL,43
67,1,1,245,"male",37
67,2,1,245,"male",37
296,1,2,245,"male",39
67,2,2,245,"male",39
67,3,2,245,"male",39
297,1,3,245,"male",41
67,2,3,245,"male",41
67,3,3,245,"male",41
297,1,4,245,"male",43
68,2,4,245,"male",43
68,3,4,245,"male",43
120,1,1,250,NULL,39
120,1,2,250,NULL,42
121,1,3,250,NULL,45
121,1,4,250,NULL,48
120,1,1,251,NULL,39
120,1,2,251,NULL,42
121,1,3,251,NULL,45
121,1,4,251,NULL,48
285,1,1,295,"female",25
44,2,1,295,"female",25
333,3,1,295,"female",25
286,1,2,295,"female",28
44,2,2,295,"female",28
333,3,2,295,"female",28
286,1,3,295,"female",31
44,2,3,295,"female",31
333,3,3,295,"female",31
286,1,4,295,"female",40
45,2,4,295,"female",40
334,3,4,295,"female",40
263,1,1,298,"male",26
276,2,1,298,"male",26
264,1,2,298,"male",29
277,2,2,298,"male",29
27,1,3,298,"male",31
277,2,3,298,"male",31
264,3,3,298,"male",31
277,1,4,298,"male",34
27,2,4,298,"male",34
264,3,4,298,"male",34
308,1,1,302,"male",43
297,2,1,302,"male",43
308,1,2,302,"male",46
297,2,2,302,"male",46
308,1,3,302,"male",49
297,2,3,302,"male",49
308,1,4,302,"male",52
297,2,4,302,"male",52
334,1,1,303,"male",41
334,2,1,303,"male",41
334,1,2,303,"male",44
334,2,2,303,"male",44
371,1,3,303,"male",46
334,2,3,303,"male",46
334,3,3,303,"male",46
334,1,4,303,"male",49
334,2,4,303,"male",49
372,3,4,303,"male",49
307,1,1,307,"female",30
296,2,1,307,"male",30
308,1,2,307,"female",33
297,2,2,307,"male",33
308,1,3,307,"female",36
297,2,3,307,"male",36
308,1,4,307,"female",39
297,2,4,307,"male",39
74,1,1,308,"male",26
322,2,1,308,"male",26
66,1,2,308,"male",28
322,2,2,308,"male",28
75,3,2,308,"male",28
66,1,3,308,"male",30
322,2,3,308,"male",30
75,3,3,308,"male",30
67,1,4,308,"male",33
323,2,4,308,"male",33
76,3,4,308,"male",33
300,1,1,315,"female",31
262,2,1,315,"female",31
263,3,1,315,"female",31
270,4,1,315,"female",31
273,5,1,315,"female",31
276,6,1,315,"female",31
300,1,2,315,"female",33
262,2,2,315,"female",33
264,3,2,315,"female",33
271,4,2,315,"female",33
274,5,2,315,"female",33
276,6,2,315,"female",33
301,1,3,315,"female",35
262,2,3,315,"female",35
264,3,3,315,"female",35
271,4,3,315,"female",35
274,5,3,315,"female",35
277,6,3,315,"female",35
301,1,4,315,"female",37
262,2,4,315,"female",37
264,3,4,315,"female",37
272,4,4,315,"female",37
275,5,4,315,"female",37
277,6,4,315,"female",37
302,1,1,319,"female",31
325,2,1,319,"female",31
325,1,2,319,"female",35
302,2,2,319,"female",35
325,1,3,319,"female",40
302,2,3,319,"female",40
355,1,4,319,"female",42
302,2,4,319,"female",42
326,3,4,319,"female",42
291,1,1,323,"male",27
269,1,2,323,"male",29
291,2,2,323,"male",29
283,1,3,323,"male",31
269,2,3,323,"male",31
291,3,3,323,"male",31
283,1,4,323,"male",33
291,2,4,323,"male",33
269,3,4,323,"male",33
291,4,4,323,"male",33
81,1,1,338,NULL,28
81,1,2,338,NULL,31
82,1,3,338,NULL,34
82,1,4,338,NULL,37
81,1,1,340,NULL,30
81,1,2,340,NULL,33
82,1,3,340,NULL,36
82,1,4,340,NULL,39
81,1,0,82,NULL,17
293,2,0,82,NULL,17
81,1,1,82,NULL,27
294,2,1,82,NULL,27
82,1,2,82,NULL,30
294,2,2,82,NULL,30
313,1,0,7,"male",25
314,2,0,7,"female",25
311,1,0,22,"male",15
312,2,0,22,"male",15
273,1,0,494,"male",6
270,2,0,494,"male",6
118,1,0,40,"male",27
72,,0,40,"male",25
269,1,0,65,"male",27
267,2,0,65,"male",27
327,1,0,107,"male",19
327,2,0,107,"male",19
315,1,0,117,"male",18
75,2,0,117,"male",20
263,1,0,145,"male",15
296,2,0,145,"male",17
327,1,0,193,"male",30
289,2,0,193,"male",32
170,1,0,217,"male",34
318,2,0,217,"male",33
333,1,0,231,"male",32
322,2,0,231,"male",35
184,1,0,268,"male",35
278,2,0,268,"male",33
301,1,0,313,"female",31
310,2,0,313,"male",31
370,1,0,327,"female",45
370,2,0,327,"female",45
267,1,0,203,"male",26
269,2,0,203,"male",26
318,1,0,321,"male",32
41,1,1,321,"male",32
261,1,2,321,"male",30
318,2,2,321,"male",30
320,1,3,321,"female",30
41,2,3,321,"female",30
318,1,4,321,"male",15
41,1,5,321,"male",14
318,2,5,321,"male",14
261,1,6,321,"male",9
261,1,7,321,"male",11
261,1,8,321,"male",36
318,1,9,321,"male",36
41,1,10,321,"male",36
318,1,11,321,"female",36
262,1,12,321,"male",35
42,2,12,321,"male",35
261,1,13,321,"male",32
318,1,14,321,"female",32
41,1,15,321,"male",31
318,2,15,321,"male",31
261,1,16,321,"female",31
41,2,16,321,"female",31
318,1,17,321,"male",32
41,1,18,321,"male",32
41,1,19,321,"female",32
318,1,20,321,"male",32
318,1,21,321,"female",28
41,1,22,321,"male",27
261,2,22,321,"male",27
261,1,23,321,"male",27
318,2,23,321,"male",27
41,1,24,321,"female",27
261,2,24,321,"female",27
261,1,25,321,"male",26
41,2,25,321,"male",26
318,3,25,321,"male",26
261,1,0,294,"male",22
322,2,0,294,"male",22
261,1,1,294,"male",29
322,1,2,294,"male",29
262,1,3,294,"female",29
343,1,4,294,NULL,28
322,2,4,294,"male",28
343,1,5,294,NULL,28
41,2,5,294,"male",28
41,1,6,294,"male",29
41,1,7,294,"male",29
261,1,8,294,"male",29
322,1,9,294,"female",29
262,1,10,294,"male",29
41,1,11,294,"male",29
262,1,12,294,"male",29
343,1,13,294,NULL,29
343,1,14,294,NULL,29
322,1,15,294,"male",29
41,1,16,294,"male",29
41,1,17,294,"female",31
261,2,17,294,"female",31
322,1,18,294,"male",32
343,1,19,294,NULL,32
262,1,20,294,"male",26
262,2,20,294,"male",28
322,3,20,294,"male",30
41,1,21,294,"male",32
262,1,22,294,"male",32
343,1,23,294,NULL,32
322,1,24,294,"female",20
1,20,25,294,41,"male"
1,11,26,294,261,"male"
